# Blender 4.5.5 LTS
# www.blender.org
mtllib mi_modelo.mtl
o Meshy_AI_Feliz_Cumple_Cristoba_0724031245_texture
v -0.298828 -0.490234 -0.008911
v -0.294922 -0.472656 -0.005463
v -0.265625 -0.468750 -0.013855
v -0.271484 -0.490234 -0.013672
v -0.320312 -0.494141 -0.006042
v -0.287109 -0.498047 -0.007782
v 0.105469 0.202148 0.011291
v 0.104004 0.180664 0.012573
v 0.012512 0.192383 0.014770
v 0.169922 0.026489 -0.002975
v 0.081055 0.028564 -0.002594
v 0.159180 -0.041748 -0.007935
v 0.175781 0.085938 0.007385
v 0.232422 0.027222 0.000175
v 0.090332 0.090820 0.007629
v -0.007599 0.423828 0.017456
v -0.006989 0.351562 0.012817
v -0.001900 0.439453 0.018310
v -0.011902 0.441406 0.016113
v 0.020508 0.417969 0.017334
v -0.018555 0.425781 0.015076
v -0.024292 0.100586 -0.002045
v -0.014648 0.132812 0.000629
v -0.026123 0.093262 -0.003464
v -0.048584 0.115234 -0.001266
v -0.052002 0.105957 -0.004089
v 0.267578 0.439453 -0.054688
v 0.243164 0.453125 -0.053955
v 0.269531 0.441406 -0.048096
v 0.279297 0.427734 -0.054932
v 0.267578 0.427734 -0.055908
v 0.285156 0.425781 -0.053467
v 0.099121 -0.376953 0.048584
v 0.132812 -0.373047 0.038330
v 0.060547 -0.351562 0.053467
v 0.049316 -0.378906 0.052490
v 0.086914 -0.392578 0.047119
v 0.120117 -0.349609 0.046631
v 0.114746 -0.386719 0.030884
v -0.161133 0.234375 0.005463
v -0.240234 0.244141 0.005981
v -0.165039 0.213867 0.005890
v -0.249023 0.070312 0.018921
v -0.173828 0.053223 0.020874
v -0.245117 0.136719 0.018433
v -0.171875 0.125000 0.020630
v -0.170898 0.146484 0.027954
v -0.083008 0.110840 0.030029
v 0.202148 0.449219 -0.017578
v 0.199219 0.449219 -0.036621
v 0.198242 0.437500 -0.018189
v 0.200195 0.449219 0.000576
v 0.193359 0.462891 -0.017578
v 0.235352 -0.474609 0.010925
v 0.213867 -0.453125 0.012207
v 0.202148 -0.466797 0.021118
v 0.255859 -0.494141 0.009522
v 0.251953 -0.474609 0.002945
v 0.225586 -0.451172 0.003204
v 0.233398 -0.488281 0.015564
v 0.068848 0.246094 -0.045410
v 0.035156 0.163086 -0.039063
v 0.063477 0.152344 -0.038818
v 0.096680 0.238281 -0.045410
v 0.045410 0.253906 -0.046387
v -0.153320 -0.285156 -0.027954
v -0.165039 -0.216797 -0.021118
v -0.195312 -0.316406 -0.019531
v -0.214844 -0.277344 -0.016357
v -0.081055 -0.291016 -0.039062
v -0.141602 -0.324219 -0.032471
v 0.277344 0.343750 0.019653
v 0.292969 0.363281 0.019409
v 0.245117 0.359375 0.018921
v 0.291016 0.332031 0.017578
v 0.214844 0.296875 0.014954
v 0.296875 0.355469 0.017456
v 0.065918 0.096680 -0.035889
v 0.051758 0.063965 -0.034424
v 0.088379 0.093750 -0.036377
v -0.017456 0.453125 -0.002090
v -0.019898 0.453125 -0.018555
v -0.024414 0.443359 -0.018555
v -0.022827 0.443359 -0.002945
v -0.005890 0.464844 0.009277
v -0.009827 0.466797 -0.002472
v -0.013428 0.453125 0.009277
v -0.243164 0.169922 0.015442
v -0.285156 0.166992 0.015747
v -0.285156 0.173828 0.015564
v -0.242188 0.176758 0.012085
v -0.169922 0.169922 0.013794
v -0.170898 0.164062 0.016479
v -0.243164 0.164062 0.014770
v 0.147461 0.484375 0.010925
v 0.170898 0.484375 0.008179
v 0.153320 0.488281 0.007690
v 0.131836 0.494141 0.007568
v 0.168945 0.478516 0.012512
v 0.131836 0.486328 0.013245
v 0.127930 0.482422 0.012756
v 0.167969 0.474609 0.013306
v 0.253906 -0.126953 -0.004761
v 0.218750 -0.131836 -0.011169
v 0.226562 -0.039795 -0.005585
v 0.263672 -0.033691 -0.001221
v 0.248047 -0.238281 -0.000164
v 0.231445 -0.237305 -0.009155
v 0.273438 -0.123535 0.002625
v 0.027954 0.435547 0.017456
v 0.022949 0.345703 0.012573
v 0.078613 0.406250 0.016846
v 0.051758 0.414062 0.017334
v -0.009216 -0.417969 0.062988
v 0.040527 -0.435547 0.057373
v 0.039795 -0.414062 0.060303
v -0.009033 -0.400391 0.056885
v -0.067383 -0.396484 0.055176
v -0.010925 -0.437500 0.058838
v 0.300781 0.322266 -0.017334
v 0.300781 0.322266 0.001404
v 0.283203 0.287109 0.000019
v 0.308594 0.349609 -0.017578
v 0.306641 0.347656 0.000393
v 0.306641 0.347656 -0.035889
v 0.283203 0.285156 -0.017700
v 0.283203 0.285156 -0.033203
v 0.300781 0.324219 -0.035889
v 0.146484 0.088379 0.003586
v 0.196289 0.137695 0.003311
v 0.142578 0.095215 0.004272
v 0.106445 0.061279 -0.000790
v 0.177734 0.143555 0.007141
v 0.107422 0.057129 -0.003479
v 0.149414 0.083984 0.000217
v 0.009888 0.462891 -0.055420
v 0.023193 0.476562 -0.054932
v 0.036377 0.458984 -0.055420
v 0.033447 0.447266 -0.055420
v 0.003204 0.449219 -0.056152
v 0.000046 0.462891 -0.052979
v 0.009705 0.474609 -0.052734
v -0.213867 -0.341797 0.008728
v -0.208984 -0.343750 0.014710
v -0.215820 -0.328125 0.015564
v -0.220703 -0.326172 0.008362
v -0.210938 -0.341797 0.000340
v -0.216797 -0.328125 0.000973
v -0.225586 -0.359375 0.007385
v 0.180664 0.306641 -0.052246
v 0.154297 0.314453 -0.052002
v 0.208984 0.375000 -0.055664
v 0.179688 0.384766 -0.055908
v 0.215820 0.396484 -0.056152
v 0.245117 0.361328 -0.054932
v 0.249023 0.380859 -0.054932
v 0.292969 0.110352 0.020630
v 0.289062 0.104004 0.023193
v 0.294922 0.118164 0.016968
v 0.255859 0.121094 0.016846
v 0.070801 0.494141 -0.052979
v 0.075684 0.500000 -0.046875
v 0.078613 0.500000 -0.036133
v 0.105469 0.496094 -0.046631
v 0.095215 0.492188 -0.053711
v 0.050537 0.492188 -0.052734
v -0.028809 0.089844 -0.026123
v -0.052002 0.104492 -0.031738
v -0.027710 0.090332 -0.031494
v -0.029785 0.088867 -0.018189
v -0.053711 0.103516 -0.025757
v 0.251953 0.396484 0.018555
v 0.250000 0.384766 0.018799
v 0.285156 0.390625 0.018188
v 0.253906 0.410156 0.018677
v 0.213867 0.410156 0.018066
v 0.041260 -0.494141 -0.012756
v 0.042236 -0.500000 0.002274
v 0.103516 -0.482422 -0.025757
v -0.017700 -0.494141 -0.013184
v 0.039307 -0.476562 -0.031494
v -0.017456 -0.500000 0.002808
v -0.285156 0.191406 0.010010
v -0.283203 0.179688 0.014343
v -0.302734 0.173828 0.018433
v -0.285156 0.172852 0.018066
v -0.243164 0.174805 0.013672
v -0.242188 0.185547 0.009094
v -0.302734 0.181641 0.014038
v -0.314453 0.021729 0.012573
v -0.289062 0.006653 0.016968
v -0.287109 0.083496 0.017212
v -0.304688 -0.082031 0.013611
v -0.308594 0.103027 0.012390
v -0.320312 0.023804 0.008362
v -0.312500 -0.079102 0.008667
v 0.136719 0.427734 -0.055664
v 0.133789 0.414062 -0.055908
v 0.111816 0.421875 -0.056152
v 0.117676 0.435547 -0.055420
v 0.156250 0.412109 -0.055908
v 0.140625 0.441406 -0.054932
v 0.160156 0.427734 -0.055420
v 0.161133 -0.462891 0.032227
v 0.094727 -0.462891 0.041260
v 0.141602 -0.423828 0.037598
v 0.165039 -0.488281 0.027100
v -0.066895 0.207031 0.005981
v -0.089355 0.213867 0.005951
v -0.086914 0.164062 0.002335
v -0.067383 0.159180 0.002228
v -0.037842 0.197266 0.005737
v -0.009888 0.267578 0.009155
v -0.042480 0.275391 0.009460
v -0.060547 -0.380859 -0.050781
v -0.006134 -0.380859 -0.056396
v -0.009766 -0.404297 -0.058838
v -0.004150 -0.359375 -0.049805
v -0.061523 -0.408203 -0.050537
v -0.065918 -0.355469 -0.045898
v 0.289062 0.322266 0.001389
v 0.074707 0.049072 -0.010620
v 0.074707 0.048584 -0.017456
v 0.107422 0.055176 -0.008850
v 0.075195 0.048340 -0.024048
v 0.107910 0.054932 -0.016113
v 0.150391 0.081055 -0.014832
v 0.108887 0.054932 -0.023682
v 0.000835 0.462891 0.016968
v -0.007050 0.451172 0.016846
v 0.002991 0.451172 0.018921
v 0.005127 0.474609 0.008850
v 0.011231 0.476562 0.016113
v 0.010254 0.462891 0.018677
v -0.211914 -0.367188 -0.014587
v -0.202148 -0.347656 -0.011719
v -0.174805 -0.371094 -0.024658
v -0.184570 -0.402344 -0.027832
v -0.231445 -0.398438 -0.017212
v -0.220703 -0.361328 -0.000832
v 0.269531 0.233398 0.016479
v 0.304688 0.202148 0.012451
v 0.306641 0.230469 0.013733
v 0.202148 0.257812 0.017700
v 0.203125 0.241211 0.017822
v 0.265625 0.206055 0.015076
v 0.294922 0.079590 0.011169
v 0.287109 0.097656 0.014160
v 0.302734 0.095703 0.014954
v 0.292969 0.051270 0.011047
v 0.277344 0.077148 0.008240
v 0.289062 0.041992 0.007446
v 0.098633 0.478516 -0.018433
v 0.090332 0.472656 0.001434
v 0.089355 0.470703 -0.037354
v 0.087402 0.474609 -0.018311
v 0.125977 0.484375 -0.018189
v 0.104980 0.476562 -0.045166
v -0.083008 0.161133 0.024536
v -0.169922 0.167969 0.016846
v -0.083496 0.156250 0.034180
v -0.081055 0.168945 0.021606
v 0.248047 0.462891 -0.018433
v 0.273438 0.445312 -0.001587
v 0.250000 0.457031 -0.036621
v 0.216797 0.472656 -0.034668
v 0.216797 0.474609 -0.018799
v 0.289062 0.429688 -0.017700
v 0.069336 -0.133789 0.038086
v 0.064453 -0.225586 0.042969
v 0.139648 -0.230469 0.037842
v 0.149414 -0.133789 0.033936
v -0.084961 0.285156 -0.040527
v -0.086914 0.285156 -0.032715
v -0.049316 0.359375 -0.051514
v -0.079102 0.281250 -0.046631
v -0.103027 0.216797 -0.035889
v -0.285156 -0.091309 0.020020
v -0.247070 -0.107910 0.025879
v 0.161133 0.429688 -0.018433
v 0.185547 0.431641 -0.048828
v 0.176758 0.437500 -0.054932
v 0.139648 0.433594 -0.018189
v 0.162109 0.429688 -0.050049
v 0.141602 0.433594 -0.050781
v 0.261719 0.168945 0.014709
v 0.302734 0.171875 0.012573
v 0.194336 0.153320 0.017578
v 0.263672 0.188477 0.015564
v 0.091309 0.486328 -0.055664
v 0.065430 0.488281 -0.055420
v 0.020019 0.064453 -0.014160
v 0.021118 0.064453 -0.009949
v -0.002899 0.077148 -0.010864
v 0.019531 0.064453 -0.020386
v 0.046875 0.052246 -0.017090
v 0.285156 0.410156 0.019409
v 0.298828 0.394531 0.017456
v 0.294922 0.408203 0.017090
v 0.283203 0.425781 0.016235
v 0.298828 0.408203 0.010132
v 0.127930 -0.400391 -0.031982
v 0.145508 -0.429688 -0.028686
v 0.092773 -0.425781 -0.042969
v 0.089355 -0.404297 -0.046631
v 0.096191 -0.386719 -0.040283
v 0.122559 -0.384766 -0.027832
v 0.142578 -0.378906 -0.014343
v 0.151367 -0.392578 -0.016846
v -0.077148 0.221680 0.017822
v 0.013367 0.211914 0.014221
v -0.080078 0.201172 0.017334
v -0.073730 0.251953 0.017456
v -0.097656 0.162109 -0.018311
v -0.077637 0.123535 -0.017822
v -0.076660 0.124512 -0.009827
v -0.104004 0.215820 -0.018311
v -0.097168 0.162109 -0.027832
v -0.097168 0.162109 -0.010498
v -0.077148 0.124512 -0.027466
v 0.149414 0.482422 0.007202
v 0.149414 0.484375 -0.018189
v 0.168945 0.476562 0.009644
v 0.147461 0.482422 0.010254
v 0.172852 0.474609 -0.017456
v 0.187500 0.458984 0.009949
v 0.253906 -0.236328 0.006928
v 0.271484 -0.123047 0.014221
v 0.245117 -0.236328 0.014343
v 0.234375 -0.312500 0.006073
v 0.020752 0.291016 0.017944
v 0.020264 0.281250 0.016968
v -0.067383 0.302734 0.015869
v 0.111816 0.275391 0.017822
v -0.068848 0.292969 0.016235
v -0.069336 0.294922 0.017700
v -0.228516 -0.498047 0.011658
v -0.273438 -0.492188 0.014648
v -0.285156 -0.498047 0.007935
v -0.154297 -0.498047 0.000675
v -0.153320 -0.496094 0.014893
v -0.227539 -0.498047 0.000622
v 0.241211 0.213867 -0.038574
v 0.243164 0.210938 -0.032471
v 0.275391 0.285156 -0.043701
v 0.265625 0.285156 -0.049561
v 0.281250 0.287109 -0.036865
v 0.024048 0.068359 -0.003830
v 0.027100 0.075195 -0.002396
v 0.001495 0.087402 -0.002853
v 0.049316 0.056641 -0.003754
v 0.022339 0.064941 -0.006622
v 0.048340 0.053711 -0.006134
v -0.283203 0.306641 0.011658
v -0.283203 0.324219 0.012817
v -0.240234 0.320312 0.011352
v -0.283203 0.277344 0.009155
v -0.302734 0.167969 0.017456
v -0.300781 0.161133 0.014587
v -0.304688 0.162109 0.017578
v -0.302734 0.167969 0.021362
v -0.302734 0.173828 0.016479
v 0.130859 0.496094 -0.035645
v 0.131836 0.494141 -0.046387
v 0.105957 0.500000 -0.018799
v 0.130859 0.498047 -0.018921
v 0.166016 -0.369141 0.011597
v 0.182617 -0.347656 0.026001
v 0.154297 -0.369141 0.023804
v 0.151367 -0.378906 0.009033
v 0.171875 -0.367188 0.004730
v 0.021606 0.345703 -0.051270
v -0.011658 0.267578 -0.047607
v -0.043457 0.275391 -0.048828
v -0.008423 0.351562 -0.052490
v 0.020142 0.417969 -0.055176
v -0.007996 0.421875 -0.056641
v -0.077148 -0.494141 -0.013000
v -0.082031 -0.500000 0.001190
v -0.145508 -0.484375 -0.024658
v -0.071777 -0.478516 -0.030395
v 0.314453 0.171875 0.010620
v 0.314453 0.202148 0.010559
v 0.076172 0.049805 -0.029785
v 0.076172 0.052734 -0.033203
v 0.107910 0.061035 -0.033447
v 0.107910 0.057373 -0.029541
v 0.047852 0.052978 -0.029297
v -0.080078 0.281250 0.006805
v -0.054688 0.363281 0.003082
v -0.084961 0.285156 0.001373
v -0.048584 0.361328 0.009888
v -0.069336 0.279297 0.008911
v -0.035645 0.357422 0.012390
v -0.169922 -0.118164 -0.018188
v -0.246094 -0.108398 -0.012817
v -0.232422 -0.210938 -0.015076
v -0.253906 -0.275391 -0.007416
v -0.269531 -0.204102 -0.006744
v 0.183594 0.406250 0.016113
v 0.208008 0.375000 0.016113
v 0.214844 0.392578 0.017212
v 0.250000 0.378906 0.018799
v 0.298828 0.149414 0.012756
v 0.296875 0.131836 0.014465
v 0.114258 0.490234 0.014465
v 0.104492 0.496094 0.008179
v 0.094727 0.492188 0.014893
v -0.027588 0.090332 -0.005920
v -0.028564 0.089844 -0.011292
v -0.000946 0.080078 -0.003937
v 0.208008 0.425781 -0.055176
v 0.207031 0.443359 -0.055420
v 0.241211 0.443359 -0.055176
v 0.235352 0.429688 -0.054443
v 0.253906 0.412109 -0.055420
v -0.012146 -0.455078 0.051025
v 0.044678 -0.455078 0.049072
v -0.241211 0.220703 0.005829
v -0.243164 0.205078 0.005768
v -0.285156 0.208008 0.006683
v -0.285156 0.227539 0.007080
v -0.218750 -0.363281 0.014954
v -0.249023 -0.398438 0.012024
v -0.233398 -0.398438 0.024780
v -0.209961 -0.369141 0.027222
v 0.212891 0.296875 -0.051025
v 0.253906 0.114258 0.021240
v 0.190430 0.127930 0.020386
v 0.187500 0.121582 0.027710
v 0.053467 0.500000 -0.019409
v 0.078125 0.500000 -0.019165
v 0.053955 0.498047 -0.035400
v 0.105469 0.500000 -0.035889
v 0.043701 0.104004 -0.035889
v -0.014526 0.131836 -0.036621
v 0.012085 0.176758 -0.039795
v 0.289062 0.427734 -0.002014
v 0.289062 0.425781 0.009827
v 0.150391 -0.133789 -0.015747
v 0.073730 -0.043701 -0.009277
v -0.175781 0.053467 -0.002487
v -0.172852 -0.023682 -0.009155
v -0.250000 0.068848 -0.003403
v -0.251953 -0.009827 -0.007568
v 0.194336 0.439453 0.007507
v 0.184570 0.429688 0.011169
v 0.176758 0.437500 0.017456
v 0.179688 0.421875 0.017456
v 0.207031 0.441406 0.017334
v 0.209961 0.421875 0.018188
v 0.161133 0.441406 0.017090
v 0.179688 0.457031 0.015564
v 0.205078 -0.468750 -0.013184
v 0.190430 -0.425781 -0.006012
v 0.214844 -0.451172 -0.005463
v 0.203125 -0.488281 -0.016602
v 0.180664 -0.468750 -0.021606
v 0.174805 -0.427734 -0.015869
v 0.016113 0.238281 0.014587
v -0.131836 -0.353516 0.046875
v -0.176758 -0.339844 0.035645
v -0.170898 -0.361328 0.037842
v -0.141602 -0.326172 0.044922
v -0.070312 -0.369141 0.052734
v -0.073730 -0.337891 0.052002
v 0.296875 0.351562 -0.018433
v 0.298828 0.353516 -0.037109
v 0.298828 0.353516 0.000935
v 0.304688 0.351562 -0.018433
v 0.099121 0.131836 0.019775
v 0.009644 0.142578 0.019653
v 0.186523 0.117188 0.016235
v 0.099609 0.126953 0.018066
v 0.008911 0.136719 0.018921
v 0.188477 0.122070 0.017944
v -0.006714 0.464844 -0.046387
v -0.017944 0.453125 -0.034668
v -0.009888 0.462891 -0.034912
v 0.004852 0.474609 -0.045410
v -0.013794 0.453125 -0.047607
v -0.275391 -0.427734 0.002106
v -0.255859 -0.396484 0.003525
v -0.292969 -0.453125 0.001022
v 0.111816 0.267578 0.017700
v 0.109863 0.249023 0.016357
v 0.148438 0.089844 -0.034912
v 0.143555 0.096191 -0.036621
v 0.178711 0.143555 -0.037842
v 0.150391 0.083984 -0.030884
v 0.191406 0.139648 -0.036133
v 0.196289 0.137695 -0.032715
v 0.034912 0.492188 0.008240
v 0.053467 0.498047 -0.002731
v 0.034180 0.494141 -0.003204
v 0.018555 0.486328 0.007996
v 0.022827 0.482422 0.015869
v 0.053223 0.496094 0.008484
v -0.005890 -0.042725 0.034912
v -0.086914 -0.126953 0.038818
v -0.008911 -0.132812 0.039307
v 0.074219 -0.043945 0.032227
v -0.003082 0.031250 0.034424
v 0.306641 0.380859 -0.046387
v 0.306641 0.367188 -0.045654
v 0.298828 0.371094 -0.052979
v 0.298828 0.384766 -0.054199
v 0.302734 0.394531 -0.046387
v 0.308594 0.380859 -0.035156
v 0.107910 -0.496094 0.015564
v 0.041016 -0.494141 0.016235
v 0.104492 -0.482422 0.030518
v 0.170898 -0.498047 0.014526
v 0.109863 -0.500000 0.002335
v -0.098633 0.214844 -0.040527
v -0.090332 0.213867 -0.042236
v -0.087402 0.164062 -0.039307
v -0.096191 0.162109 -0.004120
v -0.073242 0.125977 -0.001770
v -0.093262 0.163086 -0.000042
v -0.097656 0.214844 0.003433
v -0.102051 0.215820 -0.001297
v -0.069824 0.128906 -0.000641
v 0.188477 0.466797 -0.055176
v 0.167969 0.474609 -0.053223
v 0.212891 0.464844 -0.052734
v 0.209961 0.458984 -0.055176
v 0.169922 0.478516 -0.052979
v 0.189453 0.472656 -0.053467
v 0.251953 -0.126953 0.021729
v 0.283203 -0.024658 0.013428
v 0.263672 -0.031494 0.018189
v 0.118652 0.439453 -0.050293
v 0.121582 0.449219 -0.054932
v 0.106445 0.453125 -0.055420
v -0.121582 -0.408203 -0.039062
v -0.194336 -0.433594 -0.027588
v -0.126953 -0.433594 -0.038574
v -0.134766 -0.462891 -0.033935
v -0.066895 -0.453125 -0.042969
v 0.306641 0.246094 0.013000
v 0.271484 0.257812 0.018066
v 0.308594 0.251953 0.014709
v 0.322266 0.229492 0.010681
v 0.306641 0.228516 0.011108
v 0.322266 0.243164 0.011597
v 0.075684 0.050049 -0.005737
v 0.047119 0.053223 -0.010742
v -0.158203 0.316406 0.011108
v -0.160156 0.306641 0.008728
v -0.238281 0.328125 0.012939
v -0.160156 0.306641 0.010559
v -0.285156 0.144531 0.008850
v -0.245117 0.138672 0.006165
v -0.291016 0.005768 -0.001999
v -0.289062 0.083984 0.000889
v -0.314453 0.021118 0.004578
v 0.127930 0.482422 0.009582
v 0.163086 -0.388672 -0.005737
v 0.170898 -0.388672 0.003555
v 0.152344 -0.378906 -0.003311
v 0.159180 -0.375000 0.003616
v 0.016113 0.236328 0.018188
v 0.020386 0.261719 0.018555
v -0.072754 0.251953 0.021362
v -0.069824 0.277344 0.020386
v -0.085449 -0.218750 0.042481
v -0.170898 -0.117676 0.033203
v 0.294922 0.355469 -0.053467
v 0.308594 0.365234 -0.035156
v 0.304688 0.353516 -0.045898
v 0.186523 0.115723 0.030884
v 0.251953 0.108398 0.025635
v 0.097656 0.125977 0.038086
v 0.183594 0.105957 0.028686
v 0.014709 0.488281 -0.018311
v 0.033447 0.492188 -0.035156
v 0.015991 0.486328 -0.034424
v 0.032471 0.496094 -0.018799
v 0.016235 0.488281 -0.003189
v 0.000145 0.478516 -0.017822
v -0.208008 -0.464844 0.028320
v -0.218750 -0.488281 0.022827
v -0.145508 -0.484375 0.029297
v -0.265625 -0.470703 0.016113
v -0.133789 -0.462891 0.038330
v -0.194336 -0.435547 0.033936
v 0.200195 0.220703 0.013245
v 0.198242 0.197266 0.013428
v 0.197266 0.175781 0.013977
v 0.279297 0.078125 0.019043
v 0.248047 0.099609 0.024658
v 0.289062 0.045166 0.014587
v 0.285156 0.097168 0.022095
v 0.298828 0.079102 0.014648
v 0.241211 0.078125 0.020874
v 0.076172 0.458984 -0.056152
v 0.046387 0.468750 -0.055176
v 0.084473 0.474609 -0.055176
v -0.053711 0.104004 -0.010132
v -0.054199 0.103516 -0.018066
v 0.209961 0.457031 0.017700
v 0.188477 0.468750 0.016724
v 0.241211 0.443359 0.018066
v 0.210938 0.460938 0.016724
v 0.244141 0.453125 0.016479
v 0.048096 -0.382812 -0.051758
v 0.041504 -0.406250 -0.057373
v -0.300781 0.227539 0.008728
v -0.300781 0.208984 0.008179
v -0.283203 0.227539 0.008301
v -0.300781 0.248047 0.008789
v -0.285156 0.248047 0.007690
v -0.283203 0.247070 0.009338
v -0.316406 0.104004 0.009521
v -0.302734 0.147461 0.016357
v -0.306641 0.150391 0.014465
v -0.302734 0.148438 0.010254
v 0.150391 -0.470703 -0.028076
v 0.099609 -0.455078 -0.036377
v -0.164062 -0.215820 0.037598
v -0.153320 -0.283203 0.041992
v 0.103516 0.163086 0.013367
v 0.193359 0.139648 0.015564
v 0.103516 0.148438 0.015198
v 0.010742 0.161133 0.016602
v 0.009827 0.149414 0.018310
v 0.022217 0.482422 -0.052734
v 0.017578 0.484375 -0.046143
v 0.250000 0.221680 -0.023682
v 0.271484 0.035156 0.017700
v 0.232422 0.027710 0.020752
v 0.084473 0.462891 -0.018311
v 0.094727 0.462891 -0.044190
v 0.094727 0.460938 0.007324
v 0.087891 0.451172 -0.036865
v 0.087891 0.453125 0.000690
v 0.085449 0.453125 -0.018066
v -0.047852 0.116211 -0.035889
v -0.067383 0.159180 -0.039063
v -0.042969 0.148438 -0.038330
v -0.069824 0.127930 -0.036621
v -0.023315 0.101074 -0.035156
v -0.073242 0.125000 -0.035156
v -0.050049 0.107422 -0.034668
v 0.216797 0.472656 -0.002075
v 0.247070 0.457031 0.010315
v 0.269531 0.443359 0.009949
v 0.247070 0.460938 -0.001404
v 0.057373 -0.363281 -0.043213
v -0.005524 -0.335938 -0.042969
v 0.062012 -0.343750 -0.039551
v 0.112305 -0.367188 -0.034668
v -0.241211 0.218750 0.006958
v -0.240234 0.267578 0.008911
v -0.240234 0.242188 0.007385
v -0.161133 0.232422 0.007263
v -0.166016 0.209961 0.006897
v -0.162109 0.261719 0.007812
v -0.229492 -0.308594 -0.009644
v -0.243164 -0.308594 0.000706
v -0.208984 -0.333984 -0.010803
v 0.155273 0.314453 0.010681
v 0.180664 0.384766 0.014831
v 0.127930 0.316406 0.009766
v 0.125000 0.234375 0.006531
v 0.261719 0.149414 0.013794
v 0.255859 0.131836 0.014893
v 0.064453 0.488281 0.017456
v 0.069824 0.492188 0.015198
v 0.050781 0.490234 0.014954
v 0.084473 0.472656 0.016724
v -0.001984 0.077637 -0.006500
v 0.298828 0.398438 -0.053711
v 0.294922 0.412109 -0.053223
v 0.296875 0.412109 -0.046875
v 0.285156 0.394531 -0.056641
v 0.283203 0.412109 -0.055908
v 0.092773 -0.423828 0.051514
v 0.111816 -0.449219 0.044190
v -0.103516 0.215820 -0.009216
v -0.086426 0.285156 -0.007782
v -0.086914 0.285156 -0.019165
v -0.167969 0.178711 0.011108
v -0.243164 0.167969 0.018677
v -0.171875 0.163086 0.026367
v 0.171875 0.486328 -0.035645
v 0.190430 0.480469 -0.035400
v 0.153320 0.490234 -0.045898
v 0.190430 0.484375 -0.018311
v 0.153320 0.492188 -0.034912
v 0.289062 -0.019775 0.008728
v 0.279297 -0.120605 0.008362
v 0.093262 0.441406 -0.055908
v 0.087891 0.427734 -0.055908
v -0.178711 -0.339844 -0.021973
v 0.202148 0.267578 0.018066
v 0.271484 0.249023 0.017578
v 0.049072 0.056641 -0.033203
v 0.027588 0.075195 -0.034668
v 0.079102 0.061523 -0.034912
v -0.302734 0.326172 0.011902
v -0.281250 0.330078 0.014404
v -0.267578 -0.433594 0.009460
v -0.296875 -0.474609 0.007385
v -0.298828 -0.490234 0.010132
v 0.106934 0.226562 0.011352
v 0.110352 0.251953 0.013550
v 0.064453 0.445312 -0.055908
v 0.053955 0.474609 -0.055176
v 0.047119 0.104004 -0.000326
v 0.033935 0.163086 0.001968
v 0.014465 0.115723 -0.001465
v 0.279297 0.429688 0.018310
v 0.267578 0.439453 0.016357
v 0.267578 0.427734 0.019531
v 0.140625 -0.369141 -0.025269
v 0.123047 -0.345703 -0.033447
v 0.132812 -0.302734 -0.029297
v 0.164062 -0.347656 -0.023682
v -0.075195 0.125000 -0.031738
v -0.026611 0.093750 -0.033936
v 0.285156 0.376953 0.019775
v 0.257812 -0.494141 -0.003448
v 0.267578 -0.498047 0.003342
v 0.224609 -0.498047 -0.006836
v 0.234375 -0.490234 -0.008667
v 0.238281 -0.474609 -0.003967
v 0.226562 -0.498047 0.002365
v 0.196289 0.171875 0.017822
v 0.198242 0.194336 0.017822
v 0.104492 0.178711 0.016357
v 0.105469 0.198242 0.015442
v 0.011352 0.170898 0.019897
v -0.122559 -0.412109 0.049561
v -0.184570 -0.406250 0.038330
v -0.062988 -0.419922 0.058594
v -0.126953 -0.437500 0.045166
v -0.064453 -0.439453 0.054199
v -0.125977 -0.382812 0.048828
v 0.298828 0.324219 -0.038330
v 0.291016 0.322266 -0.036377
v 0.296875 0.326172 -0.046143
v 0.308594 0.353516 -0.037354
v 0.007172 0.136719 0.039307
v -0.011475 0.466797 -0.017822
v -0.285156 0.161133 0.013123
v 0.148438 0.484375 -0.051025
v 0.131836 0.488281 -0.052246
v 0.127930 0.482422 -0.052979
v 0.170898 0.484375 -0.046143
v 0.226562 -0.310547 0.013428
v 0.197266 -0.347656 0.014221
v 0.208008 -0.310547 0.024780
v 0.052246 0.412109 -0.055420
v 0.053711 0.341797 -0.051758
v -0.012329 -0.451172 -0.046875
v 0.040771 -0.431641 -0.053955
v 0.041016 -0.453125 -0.043945
v -0.014893 -0.472656 -0.033203
v -0.009460 -0.427734 -0.056152
v -0.063477 -0.429688 -0.048584
v 0.322266 0.243164 0.013061
v 0.306641 0.245117 0.014282
v 0.150391 0.082031 -0.005829
v -0.294922 -0.196289 0.007629
v -0.281250 -0.271484 0.006104
v -0.304688 -0.082520 0.003037
v -0.287109 -0.200195 0.001617
v 0.259766 0.148438 0.011352
v 0.300781 0.149414 0.011169
v 0.296875 0.129883 0.013245
v 0.261719 0.172852 0.010925
v 0.195312 0.155273 0.014282
v 0.257812 0.130859 0.013428
v 0.075684 0.498047 0.008972
v 0.078125 0.500000 -0.003021
v -0.081055 0.139648 0.016357
v -0.081055 0.148438 0.019653
v 0.007172 0.125000 0.014282
v -0.082031 0.113281 0.011902
v -0.172852 0.125000 0.009460
v 0.188477 0.458984 -0.046143
v 0.193359 0.439453 -0.043701
v -0.017334 -0.494141 0.017090
v 0.039551 -0.480469 0.034424
v -0.300781 0.192383 0.009460
v -0.283203 0.208984 0.007935
v -0.271484 -0.273438 0.000820
v -0.249023 -0.306641 0.006531
v -0.271484 -0.271484 0.012695
v -0.287109 -0.199219 0.013977
v 0.125000 0.396484 -0.055176
v 0.193359 0.137695 0.018188
v 0.103027 0.146484 0.018799
v -0.001457 0.077637 -0.030273
v 0.022217 0.064453 -0.029663
v 0.021240 0.063965 -0.025635
v -0.003082 0.077148 -0.025147
v -0.000328 0.080078 -0.033203
v 0.302734 0.390625 0.010193
v 0.310547 0.378906 -0.000042
v 0.306641 0.394531 -0.001297
v 0.306641 0.378906 0.011291
v 0.298828 0.380859 0.017700
v 0.108398 -0.496094 -0.010864
v 0.166016 -0.488281 -0.020752
v 0.171875 -0.496094 -0.010315
v -0.080566 0.182617 0.022095
v -0.076172 0.125000 -0.005066
v 0.189453 0.472656 0.015076
v 0.197266 -0.349609 -0.002212
v 0.186523 -0.347656 -0.013245
v 0.210938 -0.308594 -0.011108
v 0.199219 -0.235352 -0.017700
v 0.182617 -0.306641 -0.020508
v 0.227539 -0.310547 -0.000603
v 0.104004 0.326172 0.009949
v 0.080078 0.333984 0.010620
v 0.046631 0.255859 0.008057
v 0.069336 0.247070 0.006195
v 0.101562 0.402344 0.015442
v 0.150391 0.390625 0.013977
v 0.281250 0.285156 -0.015381
v 0.241211 0.208984 -0.012756
v 0.279297 0.285156 -0.027710
v 0.075684 0.053223 -0.002670
v -0.019653 0.425781 -0.053223
v -0.054443 0.361328 -0.045166
v -0.012451 0.439453 -0.053467
v -0.026001 0.427734 -0.046631
v -0.250000 -0.009827 0.020752
v 0.185547 0.427734 -0.018189
v 0.200195 -0.423828 0.002838
v -0.038818 0.196289 -0.041748
v 0.017822 0.261719 -0.046387
v -0.011536 0.183594 -0.041016
v 0.322266 0.248047 0.011841
v 0.320312 0.248047 0.013061
v 0.105469 0.067383 -0.034668
v 0.116699 0.096191 -0.036133
v 0.148438 0.145508 -0.037842
v 0.111328 0.267578 0.015991
v 0.202148 0.243164 0.013733
v 0.269531 0.233398 0.014343
v 0.202148 0.257812 0.015564
v 0.263672 0.203125 0.011658
v 0.291016 0.104492 0.016602
v 0.109863 0.474609 0.014770
v 0.090332 0.486328 0.016846
v -0.081055 0.161133 0.018921
v -0.080078 0.171875 0.017456
v -0.081055 0.153320 0.020874
v 0.214844 0.468750 -0.045654
v 0.245117 0.457031 -0.047119
v 0.189453 0.476562 -0.046631
v 0.128906 -0.304688 0.043457
v -0.009155 -0.222656 0.043457
v -0.243164 0.277344 0.009766
v -0.240234 0.302734 0.010803
v -0.285156 0.277344 0.010193
v 0.130859 0.496094 -0.002975
v 0.104980 0.498047 -0.003113
v -0.079102 -0.496094 0.016724
v 0.289062 0.332031 -0.052246
v 0.277344 0.341797 -0.054443
v 0.249023 0.289062 -0.051025
v 0.104004 0.067871 0.000774
v 0.116699 0.096191 0.002563
v 0.078613 0.062500 -0.000618
v -0.023315 0.443359 -0.034424
v -0.018555 0.443359 -0.047119
v -0.030273 0.429688 -0.034668
v -0.195312 -0.316406 0.032959
v -0.199219 -0.347656 0.025757
v -0.206055 -0.332031 0.025024
v 0.275391 0.287109 -0.017212
v 0.273438 0.285156 -0.035156
v 0.273438 0.287109 0.000172
v 0.308594 0.116211 0.015991
v 0.308594 0.108887 0.018555
v 0.308594 0.108887 0.016968
v 0.294922 0.118164 0.015747
v 0.310547 0.129883 0.013367
v 0.114746 0.486328 -0.054932
v 0.114258 0.490234 -0.053467
v 0.109863 0.474609 -0.053955
v -0.003845 0.076660 -0.017456
v -0.242188 0.203125 0.006836
v -0.166992 0.193359 0.007111
v -0.314453 -0.474609 -0.000824
v -0.267578 -0.435547 -0.005432
v 0.106445 0.224609 0.014954
v 0.013611 0.209961 0.018799
v 0.198242 0.135742 -0.023804
v 0.151367 0.081543 -0.023438
v 0.032227 0.447266 0.018555
v 0.006836 0.143555 0.036621
v -0.083008 0.148438 0.038330
v 0.097168 0.131836 0.034668
v 0.289062 0.429688 -0.035645
v 0.287109 0.429688 -0.046387
v 0.139648 -0.378906 0.018555
v 0.160156 -0.349609 0.037842
v -0.104492 0.215820 -0.028687
v -0.057373 0.363281 -0.035156
v -0.244141 0.153320 0.021973
v -0.283203 0.142578 0.018799
v 0.179688 0.458984 -0.054443
v 0.178711 -0.306641 0.034912
v -0.007355 0.180664 0.004852
v 0.054932 0.341797 0.012573
v 0.019653 0.263672 0.008850
v -0.085449 -0.126953 -0.020508
v 0.200195 0.431641 -0.017944
v 0.197266 0.431641 0.000229
v 0.196289 0.431641 -0.036865
v -0.300781 0.333984 0.013733
v 0.160156 -0.042480 0.026367
v 0.169922 0.026001 0.023926
v 0.080566 0.028076 0.030640
v 0.215820 -0.131836 0.027710
v 0.225586 -0.040527 0.023071
v -0.029907 0.429688 -0.003479
v -0.031250 0.431641 -0.019409
v -0.057861 0.365234 -0.006378
v -0.025635 0.429688 0.007690
v -0.019043 0.441406 0.008301
v -0.119141 -0.376953 -0.037842
v 0.298828 0.324219 0.002045
v 0.296875 0.326172 0.011597
v 0.281250 0.285156 0.001801
v 0.308594 0.351562 0.000820
v 0.047363 0.052490 -0.024536
v 0.181641 0.304688 0.012146
v 0.312500 0.150391 0.011230
v 0.300781 0.171875 0.010925
v -0.082031 0.137695 0.034180
v 0.300781 0.410156 -0.001358
v 0.306641 0.394531 -0.018189
v 0.300781 0.412109 -0.017944
v -0.285156 0.193359 0.008362
v 0.181641 0.226562 0.009460
v 0.151367 0.229492 0.007751
v 0.147461 0.145508 0.005524
v 0.060303 0.431641 -0.055908
v 0.086914 0.094727 0.000835
v 0.063965 0.153320 0.002747
v 0.051758 0.065430 -0.002075
v 0.156250 -0.369141 -0.013977
v -0.070801 0.277344 0.016846
v -0.162109 0.289062 0.006958
v -0.077148 0.221680 0.022949
v -0.243164 -0.306641 0.013733
v -0.228516 -0.308594 0.022949
v 0.285156 0.367188 -0.055664
v 0.287109 0.380859 -0.055908
v 0.099121 0.137695 0.024170
v 0.010132 0.158203 0.021240
v -0.285156 -0.092773 -0.005035
v 0.162109 0.431641 0.012817
v 0.141602 0.433594 0.013123
v 0.190430 0.139648 0.007324
v 0.198242 0.135742 -0.002472
v 0.242188 0.214844 0.008545
v 0.243164 0.211914 0.001648
v 0.003448 0.098633 0.008606
v -0.001701 0.031982 -0.002197
v 0.087891 -0.404297 0.053467
v 0.043457 -0.398438 0.054199
v 0.228516 -0.236328 0.023560
v 0.102051 0.400391 -0.055176
v 0.304688 0.202148 0.010559
v -0.241211 0.300781 0.009338
v -0.308594 0.101562 0.006439
v 0.160156 0.425781 0.017578
v 0.136719 0.429688 0.017090
v 0.012390 0.175781 0.015076
v -0.080078 0.184570 0.016602
v -0.008118 -0.378906 0.054932
v -0.247070 -0.396484 -0.004456
v 0.304688 0.095215 0.017822
v 0.097168 0.449219 -0.048584
v 0.213867 0.466797 0.013977
v 0.190430 0.482422 -0.002243
v 0.189453 0.478516 0.009033
v 0.214844 0.468750 0.008423
v 0.065430 -0.224609 -0.026977
v 0.062500 -0.300781 -0.038330
v -0.084961 -0.219727 -0.027466
v -0.008728 -0.132812 -0.020019
v -0.009338 -0.221680 -0.029541
v -0.302734 0.277344 0.009521
v -0.328125 -0.496094 -0.000938
v -0.322266 -0.494141 0.004425
v 0.198242 0.134766 -0.013123
v 0.065430 0.445312 0.017700
v 0.008057 0.149414 0.026123
v -0.069336 0.279297 -0.048584
v -0.036377 0.357422 -0.053955
v -0.082031 -0.036133 -0.010071
v -0.085449 0.041016 -0.001419
v 0.179688 0.421875 -0.055908
v 0.213867 0.412109 -0.055664
v 0.222656 -0.498047 0.011841
v 0.090332 0.148438 -0.038574
v -0.130859 -0.347656 -0.035400
v 0.306641 0.353516 0.010681
v 0.119141 0.146484 0.004425
v -0.092773 0.162109 -0.036865
v -0.095703 0.162109 -0.033203
v 0.152344 0.490234 -0.003235
v 0.171875 0.486328 -0.002426
v 0.153320 0.492188 -0.018921
v 0.171875 0.488281 -0.018066
v 0.165039 -0.369141 -0.003662
v -0.012756 -0.476562 0.037598
v -0.071777 -0.480469 0.033691
v 0.176758 0.083496 0.024048
v 0.089844 0.090820 0.030029
v -0.057861 0.363281 -0.019653
v -0.214844 -0.275391 0.030640
v -0.251953 -0.275391 0.020752
v 0.236328 0.427734 0.018677
v -0.300781 0.159180 0.020019
v -0.283203 0.165039 0.022217
v -0.283203 0.157227 0.020752
v 0.127930 0.482422 -0.046631
v 0.149414 0.482422 -0.043457
v 0.162109 -0.388672 0.012329
v 0.191406 -0.423828 0.012390
v -0.004883 -0.042725 -0.010132
v 0.306641 0.367188 0.011169
v 0.119141 0.146484 -0.038574
v 0.124512 0.231445 -0.045410
v 0.151367 0.228516 -0.044922
v 0.002396 0.476562 -0.002121
v -0.207031 -0.466797 -0.023682
v -0.218750 -0.488281 -0.019653
v 0.251953 0.289062 0.017456
v 0.267578 0.285156 0.016968
v 0.231445 0.213867 0.011963
v 0.141602 0.441406 0.017334
v 0.121582 0.449219 0.016357
v 0.105469 0.455078 0.016479
v -0.042725 0.149414 0.002274
v 0.060791 -0.302734 0.052734
v -0.006104 -0.345703 0.054932
v -0.162109 0.263672 0.005707
v 0.183594 0.406250 -0.056885
v 0.126953 0.316406 -0.052002
v 0.023926 0.068359 -0.033203
v 0.308594 0.365234 -0.017944
v 0.308594 0.380859 -0.017822
v 0.306641 0.363281 -0.001343
v -0.244141 0.157227 0.011841
v -0.170898 0.158203 0.015442
v -0.170898 0.150391 0.012512
v 0.141602 -0.230469 -0.021851
v 0.094238 0.447266 -0.017700
v -0.177734 -0.378906 0.038574
v -0.302734 0.308594 0.012512
v -0.302734 0.324219 0.014099
v -0.285156 0.306641 0.013245
v -0.267578 -0.205078 0.020752
v 0.151367 0.390625 -0.055664
v 0.255859 0.113770 0.016846
v 0.191406 0.128906 0.017456
v 0.257812 0.121094 0.015442
v 0.033935 0.486328 -0.052490
v 0.052979 0.494141 -0.046387
v -0.166992 0.194336 0.004700
v -0.166992 0.180664 0.007507
v -0.243164 0.187500 0.007263
v 0.283203 -0.027222 0.004120
v 0.086914 0.427734 0.017090
v 0.059815 0.431641 0.017822
v 0.111328 0.421875 0.017212
v 0.093750 0.441406 0.016968
v 0.095703 0.116211 0.033935
v 0.005829 0.125000 0.034424
v 0.161133 0.441406 -0.054443
v 0.174805 -0.427734 0.023804
v 0.148438 -0.392578 0.023926
v -0.074707 -0.332031 -0.040771
v 0.213867 0.217773 0.011536
v 0.023071 0.476562 0.018188
v 0.038818 0.486328 0.017090
v 0.053955 0.474609 0.017578
v -0.287109 -0.500000 -0.000561
v 0.269531 0.029541 0.002975
v 0.241211 0.079102 0.007507
v 0.097656 0.449219 0.010559
v 0.118164 0.439453 0.012390
v 0.117188 0.437500 -0.018066
v -0.007599 0.451172 -0.053711
v -0.000877 0.439453 -0.056152
v -0.230469 -0.209961 0.028442
v -0.172852 -0.023560 0.023438
v 0.251953 0.396484 -0.055420
v 0.306641 0.102539 0.019897
v 0.306641 0.102539 0.018310
v 0.001289 0.087402 -0.034912
v 0.253906 0.108887 0.015076
v 0.249023 0.100586 0.011658
v 0.076172 0.457031 0.017456
v 0.042480 0.462891 0.018433
v 0.201172 -0.488281 0.023193
v 0.014221 0.116211 -0.035889
v 0.172852 -0.498047 0.002136
v -0.080566 0.201172 0.022339
v 0.012695 0.188477 0.018677
v 0.001595 0.476562 -0.034668
v 0.294922 0.110352 0.017578
v 0.068848 -0.133789 -0.018677
v -0.161133 0.289062 0.009216
v 0.213867 0.217773 -0.043213
v 0.001869 0.098633 0.032959
v 0.300781 0.412109 -0.035156
v -0.067383 0.206055 -0.041992
v 0.167969 0.476562 -0.046875
v 0.147461 0.480469 -0.049316
v 0.196289 -0.236328 0.032471
v -0.239258 0.320312 0.012878
v 0.029419 0.435547 -0.055908
v 0.020264 0.281250 0.018799
v -0.244141 0.161133 0.023315
v 0.078125 0.406250 -0.055176
v -0.249023 -0.433594 -0.015320
v 0.273438 0.250000 0.015991
v -0.084473 -0.036133 0.032471
v -0.085938 0.041260 0.028931
v -0.067871 -0.458984 0.045654
v 0.117188 0.435547 0.017090
v -0.008545 -0.296875 0.054199
v -0.242188 0.273438 0.007629
v 0.034180 0.490234 -0.046387
v 0.204102 -0.349609 0.006195
v 0.096680 0.117676 0.013184
v 0.306641 0.396484 -0.035645
v 0.091309 0.148438 0.003113
v 0.096680 0.240234 0.005829
v -0.007294 -0.292969 -0.043213
v 0.184570 0.108398 0.012390
v -0.285156 0.179688 0.011963
v -0.171875 0.156250 0.031128
v -0.226562 -0.498047 -0.009766
v -0.151367 -0.496094 -0.010803
v 0.020630 0.263672 0.015564
v -0.079590 -0.291016 0.051025
v -0.249023 -0.431641 0.020752
v 0.181641 0.224609 -0.045166
v 0.038086 0.486328 -0.055176
v 0.102051 0.324219 -0.051514
v 0.114746 0.484375 0.015869
v 0.275391 0.285156 0.010010
v 0.034668 0.488281 0.014893
v -0.283203 0.324219 0.013855
v 0.101562 0.137695 0.017822
v 0.077637 0.332031 -0.050781
v 0.230469 0.213867 -0.041992
v 0.124023 -0.398438 0.041748
v 0.133789 0.416016 0.016602
v 0.155273 0.412109 0.016724
v 0.103027 0.161133 0.017212
v 0.200195 0.218750 0.017334
v 0.125000 0.396484 0.014404
vn -0.1994 0.0508 -0.9786
vn -0.2947 0.2680 -0.9172
vn -0.2193 0.0696 -0.9732
vn -0.1063 -0.2766 -0.9551
vn -0.2586 -0.1695 -0.9510
vn -0.0414 -0.8522 -0.5216
vn -0.0043 -0.0267 -0.9996
vn -0.0412 -0.0054 -0.9991
vn -0.0030 0.0375 -0.9993
vn -0.0067 -0.0182 -0.9998
vn -0.0058 -0.0415 -0.9991
vn -0.0136 -0.0204 -0.9997
vn 0.0221 0.1148 -0.9931
vn 0.0220 0.0762 -0.9969
vn 0.0021 0.1243 -0.9922
vn 0.0608 0.0575 -0.9965
vn 0.0194 0.1756 -0.9843
vn 0.0548 0.1114 -0.9923
vn -0.0005 0.1839 -0.9829
vn -0.0565 -0.0469 0.9973
vn -0.0860 -0.0342 0.9957
vn -0.0124 -0.0539 0.9985
vn -0.0359 -0.0256 0.9990
vn -0.4520 0.1565 0.8782
vn -0.0045 -0.0571 0.9984
vn -0.4253 0.1219 0.8968
vn -0.0157 -0.0992 0.9949
vn -0.0151 -0.0594 0.9981
vn 0.0139 -0.0889 0.9959
vn -0.1271 -0.2620 0.9567
vn -0.0493 -0.0830 0.9953
vn -0.0368 -0.1171 0.9924
vn -0.3332 -0.5264 0.7822
vn 0.2317 0.3744 -0.8978
vn 0.2510 0.4851 -0.8377
vn 0.5151 0.7825 -0.3499
vn 0.1506 0.1298 -0.9800
vn -0.0076 0.0210 -0.9998
vn 0.0231 0.0398 -0.9989
vn 0.5661 0.5047 -0.6517
vn 0.3719 -0.2604 0.8910
vn 0.3662 -0.5130 0.7764
vn 0.1842 -0.0682 0.9805
vn 0.0667 -0.0101 0.9977
vn 0.0592 -0.0233 0.9980
vn 0.2138 0.1911 0.9580
vn 0.4298 0.2182 0.8762
vn 0.0925 -0.0101 -0.9957
vn 0.0532 -0.0020 -0.9986
vn 0.0471 0.0317 -0.9984
vn -0.0202 0.0296 -0.9994
vn 0.0564 0.0439 -0.9974
vn 0.0668 -0.0150 -0.9977
vn 0.0666 0.0209 -0.9976
vn -0.1357 -0.1888 0.9726
vn -0.0375 0.0136 0.9992
vn -0.0627 0.0136 0.9979
vn -0.0382 -0.0691 0.9969
vn -0.0646 -0.2749 0.9593
vn -0.0983 -0.3346 0.9372
vn -0.0712 -0.0566 0.9959
vn -0.9816 -0.1894 0.0258
vn -0.9349 -0.1988 0.2941
vn -0.9897 0.1417 0.0219
vn -0.9261 -0.2269 -0.3013
vn -0.6605 -0.7508 -0.0056
vn 0.3797 0.3409 0.8600
vn 0.4545 0.3535 0.8176
vn 0.3001 0.1374 0.9440
vn 0.3323 -0.2652 0.9051
vn 0.7312 0.6690 0.1330
vn 0.8424 0.5262 0.1162
vn 0.2606 -0.0300 0.9650
vn -0.0084 -0.0748 -0.9972
vn -0.0130 -0.0659 -0.9977
vn 0.0087 -0.0800 -0.9968
vn -0.0098 -0.0621 -0.9980
vn -0.0201 -0.0747 -0.9970
vn -0.0050 -0.0691 -0.9976
vn -0.0351 -0.0612 -0.9975
vn -0.1447 0.0822 -0.9861
vn -0.0846 0.0515 -0.9951
vn -0.0555 0.1002 -0.9934
vn -0.2493 -0.0470 -0.9673
vn -0.1757 -0.0056 -0.9844
vn -0.0918 0.0812 -0.9925
vn -0.1731 0.0326 -0.9844
vn -0.0131 -0.0314 0.9994
vn 0.1028 -0.0102 0.9946
vn -0.0620 -0.0172 0.9979
vn -0.0276 -0.0378 0.9989
vn 0.2356 -0.1079 0.9658
vn -0.0860 -0.0311 0.9958
vn 0.3553 -0.0670 0.9324
vn -0.0215 -0.0461 -0.9987
vn -0.0202 -0.0581 -0.9981
vn -0.0149 -0.0458 -0.9988
vn -0.0037 -0.0584 -0.9983
vn -0.0070 -0.0425 -0.9991
vn -0.8574 0.4711 0.2074
vn -0.8603 0.5097 -0.0098
vn -0.8849 0.4656 0.0128
vn -0.8697 0.4396 0.2243
vn -0.7037 0.5585 0.4392
vn -0.7564 0.6238 0.1966
vn -0.7658 0.4208 0.4863
vn -0.0135 -0.2285 -0.9735
vn -0.0289 0.1907 -0.9812
vn -0.0393 -0.3172 -0.9475
vn -0.0295 -0.4512 -0.8919
vn -0.0062 -0.4990 -0.8666
vn -0.0426 -0.1171 -0.9922
vn 0.0194 0.2696 -0.9628
vn 0.0939 0.1580 0.9830
vn 0.2404 0.8228 0.5150
vn 0.1940 0.6813 0.7058
vn 0.1318 0.8763 0.4634
vn 0.1201 0.1964 0.9731
vn 0.0625 0.5068 0.8598
vn -0.4915 -0.8085 0.3235
vn 0.2085 -0.5326 0.8203
vn -0.2781 -0.8909 0.3592
vn 0.2703 -0.0053 -0.9628
vn 0.1071 0.0469 -0.9931
vn 0.1840 0.0294 -0.9825
vn 0.5331 -0.1075 -0.8392
vn 0.3162 -0.0377 -0.9479
vn 0.5850 -0.1061 -0.8041
vn 0.0059 -0.0431 0.9991
vn 0.0017 -0.0408 0.9992
vn -0.0048 -0.0539 0.9985
vn 0.0193 -0.0781 0.9968
vn 0.0182 -0.0498 0.9986
vn 0.0090 -0.0255 0.9996
vn -0.0103 0.0393 0.9992
vn 0.0852 -0.2726 0.9584
vn 0.0860 0.0939 0.9919
vn 0.0138 0.2263 0.9740
vn -0.0649 0.1252 0.9900
vn -0.0807 -0.0632 0.9947
vn -0.0288 -0.2867 0.9576
vn 0.9329 -0.3600 -0.0024
vn 0.8046 -0.3145 0.5037
vn 0.7124 -0.5420 0.4458
vn 0.9912 0.1322 -0.0000
vn 0.8674 0.0959 0.4883
vn 0.8940 0.0723 -0.4423
vn 0.8102 -0.5851 0.0344
vn 0.7457 -0.5341 -0.3983
vn 0.8390 -0.3331 -0.4303
vn 0.1592 -0.2520 0.9545
vn 0.6704 -0.4641 0.5790
vn 0.0798 -0.3918 0.9166
vn -0.0421 -0.0482 0.9979
vn 0.1688 -0.3411 0.9247
vn -0.0412 -0.0341 0.9986
vn 0.4251 -0.6452 0.6348
vn 0.5407 -0.6431 0.5423
vn -0.0505 0.0732 -0.9960
vn -0.0466 0.0724 -0.9963
vn -0.0032 0.0190 -0.9998
vn 0.0042 0.0200 -0.9998
vn -0.0408 0.0590 -0.9974
vn -0.4345 0.3829 -0.8152
vn -0.4199 0.4901 -0.7639
vn -0.9797 0.1330 0.1498
vn -0.6156 0.3910 0.6842
vn -0.7371 0.0942 0.6692
vn -0.6597 -0.5544 0.5075
vn -0.6738 -0.7342 0.0838
vn -0.8268 0.1439 -0.5438
vn -0.6633 0.5151 -0.5429
vn -0.7106 -0.6004 -0.3668
vn -0.7735 0.6218 0.1224
vn 0.0052 -0.0345 -0.9994
vn -0.0133 -0.0663 -0.9977
vn -0.0096 -0.0595 -0.9982
vn -0.0075 -0.0453 -0.9989
vn 0.0196 0.0118 -0.9997
vn -0.0012 -0.0473 -0.9989
vn -0.0014 -0.0171 -0.9999
vn 0.0817 0.3942 0.9154
vn 0.1188 0.5578 0.8214
vn 0.1132 0.1342 0.9845
vn 0.0408 0.2504 0.9673
vn 0.0628 0.3614 0.9303
vn 0.7532 0.0794 0.6530
vn 0.6672 -0.1702 0.7251
vn -0.0792 0.9291 -0.3612
vn -0.0111 0.5445 -0.8387
vn -0.1380 0.8085 -0.5721
vn -0.0320 0.9944 -0.1008
vn 0.0610 0.9082 -0.4140
vn 0.0851 0.6252 -0.7758
vn -0.2051 0.9368 -0.2836
vn -0.4537 -0.8704 -0.1912
vn -0.4907 -0.7224 -0.4871
vn -0.3841 -0.7542 -0.5326
vn -0.3851 -0.7273 -0.5681
vn -0.4284 -0.8886 -0.1639
vn -0.4703 -0.8825 -0.0021
vn -0.5845 -0.7945 -0.1650
vn -0.0096 0.0123 0.9999
vn -0.0478 -0.0474 0.9977
vn 0.0041 0.0154 0.9999
vn 0.0231 0.0257 0.9994
vn -0.0165 -0.0250 0.9996
vn -0.0276 -0.0404 0.9988
vn -0.0032 -0.8283 -0.5602
vn 0.0150 -0.8498 -0.5268
vn -0.0076 -1.0000 -0.0003
vn 0.0102 -0.5770 -0.8167
vn 0.0027 -0.7785 -0.6276
vn 0.0207 -0.5779 -0.8158
vn 0.0049 -0.9999 -0.0160
vn 0.0400 0.4280 0.9029
vn 0.0582 0.2369 0.9698
vn 0.0342 0.2059 0.9780
vn -0.0217 0.4716 0.8815
vn 0.0516 0.4987 0.8653
vn -0.4552 0.8455 -0.2791
vn 0.0283 0.4740 0.8800
vn -0.3497 -0.0762 0.9338
vn -0.1464 -0.0132 0.9891
vn -0.2424 -0.0224 0.9699
vn -0.1376 0.0136 0.9904
vn -0.3732 -0.0341 0.9271
vn -0.9975 0.0596 -0.0368
vn -0.9945 -0.1047 0.0060
vn 0.0087 0.0342 -0.9994
vn 0.0019 -0.0163 -0.9999
vn -0.0003 -0.0086 -1.0000
vn 0.0217 0.0366 -0.9991
vn 0.0001 0.0503 -0.9987
vn -0.0167 0.0138 -0.9998
vn -0.7558 0.6262 -0.1914
vn 0.1633 -0.0784 0.9835
vn 0.1652 -0.2161 0.9623
vn 0.0512 -0.4029 0.9138
vn 0.1000 -0.5949 0.7975
vn 0.3949 0.2556 0.8824
vn 0.3385 0.0762 0.9379
vn 0.0679 -0.4410 0.8949
vn -0.0113 -0.0584 0.9982
vn -0.0849 -0.0371 0.9957
vn -0.2995 -0.1050 0.9483
vn -0.0245 -0.0822 0.9963
vn -0.0066 -0.0571 0.9983
vn 0.0017 -0.0465 0.9989
vn -0.0154 -0.0440 0.9989
vn -0.1339 0.0954 -0.9864
vn 0.0030 0.2029 -0.9792
vn -0.0567 -0.0241 -0.9981
vn 0.0228 0.2773 -0.9605
vn -0.1636 -0.0188 -0.9863
vn -0.1934 0.0288 -0.9807
vn -0.0994 0.1463 -0.9842
vn 0.6495 -0.3482 0.6759
vn 0.3500 -0.9352 0.0532
vn 0.0655 -0.9878 0.1411
vn -0.0182 -0.9984 0.0541
vn 0.3247 -0.9265 0.1900
vn 0.0807 -0.9891 -0.1229
vn 0.6272 -0.7766 0.0598
vn 0.3650 -0.9108 -0.1929
vn -0.4804 0.3881 0.7865
vn -0.4747 0.2180 0.8527
vn -0.0386 -0.0122 0.9992
vn -0.6182 0.7039 0.3498
vn -0.4162 0.5061 0.7554
vn -0.0345 0.0532 0.9980
vn -0.4063 0.4210 -0.8110
vn -0.4281 0.1007 -0.8981
vn -0.2670 0.1103 -0.9574
vn -0.1875 0.1043 -0.9767
vn -0.3369 0.1990 -0.9203
vn 0.0326 -0.0486 0.9983
vn 0.0912 -0.0319 0.9953
vn 0.1093 -0.0541 0.9925
vn 0.0379 -0.0645 0.9972
vn 0.0105 -0.0075 0.9999
vn -0.0096 -0.0077 0.9999
vn 0.0429 -0.0215 0.9988
vn 0.2674 0.0954 -0.9588
vn 0.0888 0.2564 -0.9625
vn 0.2719 0.1643 -0.9482
vn 0.9223 -0.3269 0.2060
vn 0.9680 -0.2383 -0.0781
vn 0.0827 0.1382 -0.9869
vn 0.4060 0.1784 -0.8963
vn 0.2799 -0.9597 -0.0268
vn 0.1333 -0.8556 0.5001
vn 0.6841 -0.6073 -0.4039
vn 0.7213 -0.5909 0.3612
vn 0.3965 -0.7410 0.5420
vn 0.7410 -0.6714 0.0152
vn 0.1741 -0.9846 -0.0182
vn -0.0950 0.6718 0.7347
vn -0.0171 0.6415 0.7669
vn 0.0673 0.7498 0.6582
vn 0.0903 0.6962 0.7122
vn 0.0684 0.6479 0.7586
vn 0.0545 0.2898 0.9555
vn -0.0987 0.1629 0.9817
vn 0.4610 0.8806 -0.1098
vn 0.4172 0.8839 0.2111
vn 0.6267 0.7748 0.0839
vn 0.5383 0.8297 -0.1477
vn 0.3202 0.9127 -0.2538
vn 0.3430 0.9389 -0.0278
vn 0.6720 0.7377 -0.0652
vn 0.0402 0.0516 0.9979
vn 0.0035 0.0277 0.9996
vn 0.0055 0.0478 0.9988
vn 0.0501 0.0731 0.9961
vn 0.0854 0.0409 0.9955
vn 0.0465 0.0404 0.9981
vn 0.0737 0.0507 0.9960
vn -0.8167 0.2369 -0.5262
vn -0.9430 0.3119 -0.1160
vn -0.8090 0.3232 -0.4910
vn -0.4241 0.1055 -0.8995
vn -0.4356 0.0709 -0.8973
vn -0.7154 0.2468 -0.6537
vn -0.8671 0.0874 -0.4905
vn -0.1991 0.0018 0.9800
vn -0.1010 0.0372 0.9942
vn -0.0642 0.0333 0.9974
vn -0.4192 -0.1222 0.8996
vn -0.2817 -0.0288 0.9591
vn -0.1022 0.9475 0.3029
vn 0.0837 0.9964 -0.0094
vn -0.1161 0.9647 0.2364
vn 0.1476 0.9804 -0.1305
vn 0.2659 0.8613 0.4329
vn -0.3953 0.7963 -0.4578
vn 0.1859 0.9825 -0.0087
vn 0.0475 -0.0351 0.9983
vn 0.0686 0.0287 0.9972
vn 0.0810 -0.0065 0.9967
vn 0.0295 0.0220 0.9993
vn 0.0166 -0.0186 0.9997
vn 0.0478 0.0187 0.9987
vn 0.0449 -0.0053 0.9990
vn 0.0110 0.1483 -0.9889
vn -0.0105 0.1085 -0.9940
vn -0.4414 -0.8936 0.0814
vn -0.4216 -0.8887 0.1802
vn -0.4584 -0.8740 0.1612
vn -0.4621 -0.8859 0.0404
vn -0.4446 -0.8952 -0.0314
vn -0.3205 -0.9465 0.0382
vn 0.5142 0.3298 0.7917
vn 0.0649 0.1128 0.9915
vn 0.4594 0.0688 0.8856
vn 0.6072 0.5043 0.6139
vn 0.8463 0.3571 0.3952
vn 0.3854 0.2403 -0.8909
vn 0.2890 0.0565 -0.9557
vn 0.2693 -0.1330 -0.9538
vn 0.2698 0.0724 -0.9602
vn 0.2637 0.1839 -0.9469
vn 0.4315 0.1582 -0.8881
vn 0.5789 -0.0121 -0.8153
vn 0.4695 0.3135 -0.8254
vn -0.0300 0.0170 -0.9994
vn -0.9522 -0.3055 0.0067
vn -0.7685 -0.6395 0.0224
vn -0.8195 -0.5578 0.1317
vn -0.9990 0.0269 0.0361
vn -0.9497 -0.3042 -0.0745
vn -0.9536 -0.2849 0.0973
vn -0.8172 -0.5547 -0.1563
vn -0.5591 -0.7744 -0.2964
vn -0.1409 -0.9870 -0.0775
vn -0.1799 -0.9837 0.0010
vn -0.5241 -0.8516 0.0027
vn -0.5355 -0.5974 -0.5969
vn -0.9622 -0.0283 0.2710
vn 0.9542 -0.2194 0.2034
vn 0.5126 -0.0872 0.8542
vn 0.5131 -0.1209 0.8498
vn 0.9287 -0.3461 0.1329
vn 0.9752 -0.1760 0.1341
vn 0.1247 0.9921 -0.0100
vn 0.0063 0.0984 -0.9951
vn 0.0368 -0.0140 -0.9992
vn 0.1432 0.7728 -0.6183
vn -0.0823 0.1462 0.9858
vn -0.0321 0.9924 0.1190
vn -0.0051 0.0458 0.9989
vn -0.0103 -0.9272 0.3745
vn -0.2333 -0.4749 0.8486
vn -0.1264 -0.3451 0.9300
vn -0.0552 -0.9069 0.4178
vn 0.0001 -1.0000 0.0020
vn -0.1059 -0.9097 0.4016
vn 0.0082 -1.0000 -0.0010
vn 0.5373 -0.4078 -0.7383
vn 0.8356 -0.4872 -0.2538
vn 0.7483 -0.2937 -0.5948
vn 0.2820 -0.2185 -0.9342
vn 0.6535 -0.3651 -0.6631
vn 0.1753 -0.1845 -0.9671
vn 0.8869 -0.4089 0.2149
vn -0.1478 -0.3027 0.9416
vn -0.0477 -0.0635 0.9968
vn -0.1022 -0.2690 0.9577
vn -0.1962 -0.3678 0.9090
vn -0.3506 -0.7510 0.5595
vn -0.2160 -0.8134 0.5401
vn -0.0350 0.0853 -0.9957
vn -0.0098 0.1068 -0.9942
vn -0.0396 0.1442 -0.9888
vn -0.9511 -0.3090 -0.0015
vn -0.0308 0.0867 -0.9958
vn -0.0363 0.0625 -0.9974
vn -0.9939 -0.1031 -0.0390
vn -0.2360 0.1047 -0.9661
vn -0.2225 0.3526 -0.9089
vn -0.9935 0.0995 0.0558
vn -0.1804 0.2171 0.9593
vn -0.2175 -0.3301 -0.9185
vn 0.1470 0.9829 -0.1105
vn 0.1333 0.8833 -0.4495
vn 0.0386 0.9917 -0.1223
vn 0.0594 0.9969 0.0511
vn 0.1798 0.9835 0.0209
vn 0.2470 0.9607 -0.1266
vn 0.2782 0.7467 -0.6042
vn 0.4894 -0.7617 0.4245
vn 0.5315 -0.5660 0.6302
vn 0.4672 -0.4892 0.7365
vn 0.4607 -0.7012 0.5441
vn 0.6029 -0.0706 0.7947
vn 0.8951 -0.4421 0.0581
vn 0.5097 -0.8596 0.0351
vn 0.0362 -0.0596 -0.9976
vn -0.0005 -0.0544 -0.9985
vn 0.0181 -0.0700 -0.9974
vn 0.0029 -0.0748 -0.9972
vn 0.0162 -0.0491 -0.9987
vn -0.0527 -0.0211 -0.9984
vn -0.0231 -0.0207 -0.9995
vn 0.0087 -0.8602 -0.5099
vn -0.0248 -0.9961 -0.0845
vn -0.0678 -0.9156 -0.3963
vn 0.0052 -0.5784 -0.8157
vn -0.0773 -0.5983 -0.7975
vn 0.8143 -0.0606 -0.5773
vn 0.9690 -0.1666 0.1824
vn 0.0912 -0.8696 -0.4852
vn -0.0010 -0.4082 -0.9129
vn 0.2026 -0.4922 -0.8466
vn 0.1686 -0.8409 -0.5143
vn -0.2120 -0.8353 -0.5073
vn -0.4069 0.1167 0.9060
vn -0.3940 0.1199 0.9112
vn -0.4264 0.0946 0.8996
vn -0.0735 -0.0174 0.9971
vn -0.6840 0.2501 0.6852
vn -0.7824 0.2964 0.5477
vn -0.1799 0.0338 0.9831
vn -0.8568 0.2601 0.4453
vn -0.1570 -0.0308 -0.9871
vn -0.0397 0.0623 -0.9973
vn -0.3192 -0.0827 -0.9441
vn -0.0989 0.0365 -0.9944
vn -0.2976 -0.1011 -0.9493
vn -0.0359 -0.0767 0.9964
vn -0.0434 -0.0476 0.9979
vn -0.0602 -0.0390 0.9974
vn -0.0606 -0.0388 0.9974
vn -0.0355 0.0024 0.9994
vn 0.0366 0.1422 0.9892
vn 0.9808 -0.1829 -0.0672
vn 0.9935 -0.1001 -0.0549
vn 0.1325 0.6223 0.7715
vn 0.0914 0.8938 0.4390
vn 0.1217 0.5926 0.7963
vn 0.1133 0.0368 0.9929
vn -0.4122 -0.7843 0.4637
vn -0.4500 -0.7540 0.4785
vn -0.4567 -0.8640 0.2119
vn -0.0160 0.0125 -0.9998
vn 0.0176 0.0220 -0.9996
vn -0.0035 -0.0022 -1.0000
vn -0.0114 0.0214 -0.9997
vn -0.0110 -0.4501 0.8929
vn 0.0681 -0.4059 0.9114
vn 0.2207 -0.1317 0.9664
vn -0.0097 0.0196 -0.9998
vn -0.0244 -0.0516 -0.9984
vn -0.0421 -0.0303 -0.9987
vn 0.0188 -0.0674 -0.9975
vn -0.0471 0.0206 -0.9987
vn -0.5396 0.1909 0.8200
vn -0.5987 0.3366 0.7268
vn -0.3641 0.1208 0.9235
vn -0.0017 -0.0853 -0.9964
vn 0.0073 -0.0889 -0.9960
vn -0.0026 -0.0771 -0.9970
vn 0.2148 0.2128 0.9532
vn 0.1650 0.6774 0.7169
vn 0.0886 0.4889 0.8678
vn -0.0831 0.9965 -0.0012
vn 0.0118 0.9997 0.0207
vn -0.1349 0.9651 -0.2244
vn -0.0115 -0.0479 -0.9988
vn 0.0043 -0.0690 -0.9976
vn 0.7964 0.5992 0.0821
vn 0.8937 0.4247 0.1446
vn 0.8956 0.4441 0.0274
vn 0.7408 0.6024 0.2973
vn 0.0463 0.0723 -0.9963
vn 0.0157 0.0958 -0.9953
vn 0.0372 0.1199 -0.9921
vn 0.0179 0.1429 -0.9896
vn -0.0065 0.0851 -0.9964
vn 0.0185 0.1703 -0.9852
vn -0.0565 0.0546 -0.9969
vn -0.0422 0.0853 -0.9955
vn 0.0632 0.1456 -0.9873
vn -0.3503 0.8289 0.4361
vn -0.7515 0.0840 -0.6543
vn -0.0738 0.9634 -0.2577
vn 0.3702 0.8072 -0.4598
vn 0.1380 0.9745 0.1771
vn -0.0139 -0.0255 0.9996
vn -0.0187 -0.0473 0.9987
vn -0.0238 0.0350 0.9991
vn -0.0230 0.0092 0.9997
vn 0.3294 0.2123 -0.9200
vn 0.5356 0.3560 -0.7658
vn 0.4152 0.3707 -0.8308
vn 0.1700 -0.2891 -0.9421
vn 0.2964 0.0230 -0.9548
vn 0.3151 -0.1048 -0.9432
vn 0.4506 0.2685 -0.8514
vn 0.3289 0.3432 -0.8798
vn -0.1462 0.0243 0.9890
vn -0.2877 -0.0517 0.9563
vn -0.2597 0.0836 0.9621
vn -0.1514 0.0394 0.9877
vn -0.1509 0.0093 0.9885
vn -0.0684 0.0488 0.9965
vn -0.0718 0.0158 0.9973
vn 0.5608 0.8279 0.0001
vn 0.6114 -0.7907 0.0315
vn 0.4200 -0.8989 -0.1247
vn 0.7462 -0.6657 0.0065
vn -0.0338 0.0289 -0.9990
vn 0.0062 0.2108 -0.9775
vn -0.0267 -0.0146 -0.9995
vn 0.0257 0.3638 -0.9311
vn 0.0324 0.4119 -0.9106
vn -0.0771 -0.2517 -0.9647
vn -0.0934 0.1335 -0.9866
vn -0.6985 0.6271 -0.3447
vn -0.8355 0.5289 -0.1491
vn -0.7579 0.6281 -0.1762
vn -0.6194 0.7143 -0.3259
vn -0.7568 0.4428 -0.4809
vn -0.8328 0.5488 -0.0720
vn -0.8356 0.5463 -0.0582
vn -0.4703 0.3070 -0.8274
vn -0.8298 0.5568 -0.0362
vn -0.5455 0.2282 0.8065
vn 0.0060 -0.0398 0.9992
vn 0.0276 -0.0154 0.9995
vn -0.0038 -0.0747 0.9972
vn 0.2349 -0.2774 -0.9316
vn 0.0200 -0.0618 -0.9979
vn 0.0391 -0.0874 -0.9954
vn 0.5844 -0.6440 -0.4937
vn 0.2685 -0.1685 -0.9484
vn -0.2604 0.9071 0.3307
vn -0.0854 0.8794 0.4683
vn -0.1329 0.9812 0.1396
vn -0.2918 0.9451 0.1471
vn -0.4295 0.8392 0.3335
vn -0.2801 0.6591 0.6980
vn -0.2799 0.7418 0.6094
vn -0.0361 0.0516 0.9980
vn 0.0014 0.0166 0.9999
vn -0.0610 0.0625 0.9962
vn 0.8604 0.0810 -0.5031
vn 0.8545 -0.0706 -0.5146
vn 0.4275 -0.0677 -0.9015
vn 0.4656 0.0116 -0.8849
vn 0.8991 0.2094 -0.3843
vn 0.9927 0.0653 -0.1018
vn 0.0128 -0.8716 0.4900
vn -0.0008 -0.8463 0.5328
vn 0.0490 -0.9988 0.0049
vn 0.0121 -0.9194 0.3931
vn -0.4422 -0.0295 -0.8964
vn -0.6146 -0.1342 -0.7773
vn -0.0684 -0.0716 -0.9951
vn -0.2326 0.0194 -0.9724
vn -0.6524 -0.2430 0.7179
vn -0.8387 -0.3782 0.3919
vn -0.3997 -0.3375 0.8522
vn -0.4710 -0.0096 0.8821
vn -0.8907 0.1010 0.4432
vn -0.0883 -0.1269 0.9880
vn 0.0073 0.1011 -0.9948
vn -0.7810 -0.2931 -0.5515
vn -0.4508 -0.5245 -0.7223
vn 0.2196 0.6315 -0.7436
vn 0.0495 0.1746 -0.9834
vn 0.1419 0.5817 -0.8009
vn 0.2056 0.6327 -0.7466
vn 0.1698 0.0213 0.9852
vn 0.2701 -0.0226 0.9626
vn 0.4636 -0.0462 0.8848
vn 0.3898 0.5959 0.7021
vn -0.2206 0.9589 -0.1787
vn 0.7384 0.5879 -0.3304
vn 0.6311 0.0657 0.7729
vn 0.2745 0.9616 0.0081
vn -0.1623 -0.0504 -0.9855
vn -0.1819 0.0452 -0.9823
vn -0.1238 -0.2452 -0.9615
vn -0.1822 -0.0100 -0.9832
vn -0.0859 -0.2830 -0.9553
vn -0.1726 -0.1583 -0.9722
vn -0.0935 0.2100 -0.9732
vn 0.5654 0.8150 0.1270
vn 0.0506 0.9935 0.1021
vn 0.9550 -0.1756 -0.2391
vn -0.0427 0.0645 -0.9970
vn -0.0527 0.1675 -0.9845
vn 0.0009 0.1332 -0.9911
vn 0.0448 -0.8245 0.5641
vn -0.2540 -0.9546 0.1558
vn 0.1465 0.9881 -0.0473
vn 0.0363 0.1114 -0.9931
vn 0.2114 0.9725 0.0981
vn 0.0350 -0.0614 0.9975
vn -0.0280 -0.0433 0.9987
vn -0.1217 0.1036 -0.9871
vn -0.3731 0.0254 -0.9274
vn -0.2619 0.1272 -0.9567
vn -0.0614 0.1668 -0.9841
vn 0.0172 0.1556 -0.9877
vn -0.2019 0.0241 -0.9791
vn 0.1190 -0.9902 -0.0725
vn 0.5475 0.4444 -0.7091
vn 0.7735 0.6331 -0.0295
vn 0.7055 -0.0331 -0.7079
vn 0.0502 0.0030 0.9987
vn -0.0612 0.1213 0.9907
vn -0.0767 0.0347 0.9965
vn -0.0407 0.0785 0.9961
vn -0.0976 0.0392 0.9945
vn -0.0850 0.0604 0.9945
vn 0.3476 -0.1033 -0.9319
vn 0.9957 -0.0763 -0.0534
vn 0.7394 -0.1532 -0.6556
vn 0.0874 0.0926 0.9919
vn 0.0606 -0.1486 0.9870
vn 0.0629 0.0093 0.9980
vn 0.0344 -0.2344 0.9715
vn 0.1000 0.7050 0.7021
vn -0.4253 0.9037 -0.0503
vn -0.3189 0.9265 -0.1998
vn -0.4808 0.8577 -0.1822
vn -0.3123 0.9484 -0.0549
vn -0.5114 0.8434 0.1648
vn -0.6235 0.7818 -0.0033
vn -0.1619 -0.1552 0.9745
vn -0.0478 -0.5314 0.8458
vn -0.2463 0.0165 0.9691
vn -0.1052 -0.2843 0.9530
vn -0.1885 -0.0956 0.9774
vn -0.3207 0.0825 0.9436
vn -0.0051 0.0008 -1.0000
vn -0.0022 0.0481 -0.9988
vn -0.0140 -0.0081 -0.9999
vn 0.1442 -0.1469 0.9786
vn 0.0572 -0.1017 0.9932
vn 0.1600 -0.0158 0.9870
vn 0.4504 0.0450 0.8917
vn 0.1126 -0.1962 0.9741
vn 0.0020 0.0237 -0.9997
vn 0.0058 0.0088 -0.9999
vn -0.0096 0.0037 -0.9999
vn -0.0055 0.0169 -0.9998
vn -0.0116 0.0033 -0.9999
vn 0.0209 0.0183 -0.9996
vn -0.5752 -0.7916 0.2064
vn -0.5863 -0.8097 0.0253
vn -0.0180 0.0378 0.9991
vn -0.0595 0.1032 0.9929
vn -0.0030 0.1047 0.9945
vn 0.0992 0.3269 0.9398
vn 0.0972 0.5014 0.8597
vn 0.1603 0.2601 -0.9522
vn 0.1321 0.0124 -0.9912
vn -0.6350 -0.0766 0.7687
vn -0.6097 0.0106 0.7926
vn 0.0286 -0.0315 0.9991
vn -0.8977 0.0649 0.4359
vn -0.0448 0.0433 -0.9981
vn 0.0181 -0.0439 0.9989
vn -0.9934 0.1124 -0.0230
vn -0.2204 -0.0919 0.9711
vn -0.9813 0.1909 0.0258
vn -0.2155 0.1728 -0.9611
vn 0.1322 -0.1565 -0.9788
vn 0.1602 -0.2381 -0.9579
vn -0.1305 0.0475 0.9903
vn -0.0015 0.0928 0.9957
vn -0.0660 0.0789 0.9947
vn 0.0010 -0.1712 -0.9852
vn -0.0100 -0.0705 -0.9975
vn -0.0398 -0.0478 -0.9981
vn -0.0450 -0.1247 -0.9912
vn -0.0247 -0.1215 -0.9923
vn -0.0260 -0.1684 -0.9854
vn -0.3091 0.6683 -0.6766
vn -0.2531 0.8357 -0.4874
vn -0.4264 0.4118 -0.8054
vn -0.2302 0.9098 -0.3455
vn -0.4311 0.8510 -0.2998
vn 0.8763 -0.4815 0.0154
vn 0.8310 -0.5256 -0.1820
vn 0.0672 0.0043 0.9977
vn 0.0929 0.0439 0.9947
vn 0.9959 -0.0897 -0.0067
vn 0.7139 -0.1360 0.6869
vn 0.7502 -0.1315 -0.6480
vn 0.8881 0.3447 0.3040
vn 0.8733 0.3711 -0.3156
vn 0.8482 0.5290 -0.0275
vn -0.0093 -0.0826 -0.9965
vn -0.0060 -0.0697 -0.9976
vn 0.0032 -0.0766 -0.9971
vn -0.0832 -0.1224 -0.9890
vn -0.0128 -0.0606 -0.9981
vn -0.4423 -0.3773 -0.8137
vn -0.1362 -0.2448 -0.9600
vn 0.3537 0.9104 0.2147
vn 0.3977 0.7947 0.4585
vn 0.5373 0.7457 0.3939
vn 0.1418 0.2344 -0.9617
vn 0.0304 0.0993 -0.9946
vn 0.0888 0.0592 -0.9943
vn 0.2716 0.0080 -0.9624
vn 0.0203 -0.0379 0.9991
vn 0.0092 -0.0099 0.9999
vn -0.0749 0.0105 0.9971
vn 0.0229 -0.0648 0.9976
vn -0.1173 0.0086 0.9931
vn -0.0703 -0.0150 0.9974
vn -0.3902 -0.2498 -0.8862
vn -0.5500 -0.5349 -0.6414
vn -0.5201 -0.2898 -0.8034
vn -0.0600 -0.0372 0.9975
vn -0.0520 -0.0354 0.9980
vn -0.0204 -0.0456 0.9988
vn -0.0413 -0.0291 0.9987
vn -0.0548 -0.0245 0.9982
vn -0.0763 -0.0310 0.9966
vn -0.0792 -0.0161 0.9967
vn 0.0563 0.1198 0.9912
vn 0.0376 0.1205 0.9920
vn 0.0076 0.1103 0.9939
vn -0.0122 0.5949 0.8037
vn -0.1057 0.6718 0.7331
vn 0.0436 0.0142 0.9989
vn 0.0535 0.1661 0.9847
vn -0.1801 0.4536 0.8728
vn 0.0153 0.0335 0.9993
vn 0.6934 -0.0013 -0.7206
vn 0.5304 0.2724 -0.8028
vn 0.8686 0.3847 -0.3123
vn 0.0625 0.0027 -0.9980
vn 0.1057 0.0319 -0.9939
vn -0.9897 0.1020 0.1002
vn -0.9462 0.3033 0.1128
vn -0.9584 0.2842 0.0266
vn -0.1131 0.3568 0.9273
vn 0.0128 0.6614 0.7499
vn 0.2935 0.9410 -0.1683
vn 0.3062 0.9201 -0.2443
vn 0.2932 0.8357 -0.4644
vn 0.2925 0.9562 -0.0136
vn 0.2102 0.9775 0.0175
vn 0.9963 -0.0668 -0.0544
vn 0.5690 -0.0018 -0.8223
vn -0.0065 -0.0189 -0.9998
vn -0.3029 -0.0264 -0.9527
vn 0.0988 -0.0759 0.9922
vn 0.2522 0.9571 0.1427
vn -0.1055 -0.3381 -0.9352
vn -0.0206 -0.0586 -0.9981
vn 0.0195 -0.1052 -0.9943
vn -0.0360 0.0902 -0.9953
vn -0.0823 0.9958 0.0391
vn -0.3505 0.2444 0.9041
vn -0.2274 -0.0380 0.9731
vn -0.0280 0.1246 -0.9918
vn -0.0443 -0.0475 0.9979
vn -0.0043 -0.0566 0.9984
vn 0.2287 0.2355 0.9446
vn 0.2845 0.4646 0.8386
vn 0.0092 0.0582 0.9983
vn 0.1775 -0.0175 -0.9840
vn 0.3622 -0.2943 -0.8844
vn 0.1099 0.0898 -0.9899
vn 0.1522 0.0598 -0.9865
vn 0.2775 -0.1099 -0.9544
vn -0.7421 -0.5728 -0.3480
vn -0.1449 -0.2988 -0.9433
vn 0.0200 0.0438 0.9988
vn 0.3485 -0.2557 -0.9017
vn 0.6736 -0.7321 0.1014
vn 0.3179 -0.7547 -0.5739
vn 0.0341 -0.9994 0.0036
vn 0.0132 0.0545 0.9984
vn 0.0114 0.0082 0.9999
vn -0.0020 0.0301 0.9995
vn 0.0415 0.0286 0.9987
vn 0.0118 0.0855 0.9963
vn 0.0031 0.0850 0.9964
vn -0.1600 -0.0424 0.9862
vn -0.2359 0.1146 0.9650
vn -0.2198 -0.0168 0.9754
vn -0.1672 -0.1845 0.9685
vn -0.1299 -0.2890 0.9485
vn 0.9067 -0.4139 0.0817
vn 0.8035 -0.3882 -0.4513
vn 0.6704 -0.3089 -0.6747
vn 0.8785 -0.3542 0.3206
vn 0.0022 -0.2128 0.9771
vn -0.0333 -0.3853 0.9222
vn -0.1085 -0.0807 0.9908
vn -0.7577 0.6510 -0.0460
vn -0.0179 0.3142 -0.9492
vn 0.1627 0.0726 -0.9840
vn 0.1278 0.5608 -0.8180
vn 0.2302 -0.7623 -0.6049
vn -0.1486 -0.8367 -0.5271
vn 0.6931 -0.7168 0.0763
vn 0.5826 -0.2145 0.7839
vn 0.4090 -0.1287 0.9034
vn -0.0115 -0.0372 -0.9992
vn -0.0024 -0.0572 -0.9984
vn -0.0256 -0.4121 -0.9108
vn 0.0958 -0.2672 -0.9589
vn 0.0849 -0.4133 -0.9066
vn -0.0013 -0.5658 -0.8245
vn -0.0724 -0.2142 -0.9741
vn 0.1440 -0.1057 0.9839
vn 0.6760 -0.7214 0.1500
vn -0.9882 -0.1527 0.0097
vn -0.8901 -0.4498 -0.0738
vn -0.4405 -0.0368 -0.8970
vn -0.4880 -0.0536 -0.8712
vn -0.0068 -0.0894 0.9960
vn -0.0323 -0.0917 0.9953
vn -0.0200 -0.0667 -0.9976
vn 0.0032 -0.0617 -0.9981
vn -0.0119 -0.1505 -0.9885
vn -0.0313 -0.1576 -0.9870
vn -0.0292 0.0025 -0.9996
vn -0.0077 0.8959 0.4442
vn 0.0004 0.9948 0.1018
vn 0.0439 0.3033 -0.9519
vn 0.0819 0.2908 -0.9533
vn 0.0896 0.2415 -0.9663
vn -0.0287 0.2906 -0.9564
vn -0.6900 -0.5973 0.4088
vn -0.7866 0.0625 0.6142
vn 0.0076 -0.8105 0.5857
vn 0.0196 -0.6468 0.7624
vn -0.5286 0.1298 0.8389
vn 0.0231 0.0364 0.9991
vn -0.4723 -0.1835 -0.8621
vn -0.7092 -0.6966 0.1085
vn -0.4501 -0.1927 0.8719
vn -0.0113 -0.0399 -0.9991
vn 0.0394 0.2186 0.9750
vn -0.3684 -0.7778 -0.5092
vn -0.4325 -0.8929 -0.1252
vn -0.1766 -0.4765 -0.8613
vn 0.8765 0.2224 0.4269
vn 0.9939 0.0336 0.1049
vn 0.9567 0.2607 0.1293
vn 0.7518 0.0755 0.6550
vn 0.3742 0.0492 0.9260
vn -0.0605 -0.5668 -0.8216
vn 0.0146 -0.9071 -0.4206
vn -0.0029 -0.0142 0.9999
vn -0.1081 0.1324 0.9853
vn -0.7459 -0.5719 0.3414
vn 0.1321 0.5550 0.8213
vn 0.3575 -0.1587 -0.9203
vn 0.5468 -0.6129 -0.5704
vn 0.4653 -0.4057 -0.7867
vn 0.1364 0.0249 -0.9903
vn 0.2603 0.0160 -0.9654
vn 0.5245 -0.2381 -0.8174
vn -0.0015 -0.0534 0.9986
vn 0.0267 -0.0697 0.9972
vn 0.0298 -0.0561 0.9980
vn 0.0185 -0.0560 0.9983
vn -0.0162 -0.0364 0.9992
vn 0.0233 -0.0744 0.9970
vn 0.0073 -0.0925 0.9957
vn -0.0571 -0.6179 0.7842
vn -0.1072 -0.4340 0.8945
vn 0.9847 -0.1684 -0.0447
vn 0.8699 -0.4921 0.0332
vn 0.9592 -0.2794 -0.0425
vn -0.0372 -0.3555 0.9339
vn -0.4237 0.1639 -0.8908
vn -0.4043 0.1574 -0.9010
vn -0.4158 0.1863 -0.8902
vn -0.8061 0.3400 -0.4843
vn -0.0568 0.9981 0.0254
vn 0.7481 0.6631 -0.0264
vn 0.5740 0.3990 0.7150
vn 0.0027 -0.0829 -0.9966
vn -0.0023 -0.0740 -0.9973
vn 0.0011 -0.0724 -0.9974
vn -0.0451 0.2706 -0.9616
vn 0.3526 0.2271 0.9078
vn 0.0652 -0.1316 -0.9892
vn 0.0063 -0.0444 -0.9990
vn -0.0000 -0.0668 -0.9978
vn -0.0058 0.0804 -0.9967
vn 0.0531 0.1765 -0.9829
vn 0.0303 0.1823 -0.9828
vn -0.0084 0.1016 -0.9948
vn 0.0480 0.3372 -0.9402
vn 0.0789 0.2543 -0.9639
vn 0.0256 0.2647 -0.9640
vn 0.8311 0.3655 0.4192
vn 0.0070 -0.1584 -0.9873
vn 0.0764 -0.1477 -0.9861
vn -0.0281 0.0054 -0.9996
vn 0.3000 0.8360 -0.4595
vn 0.4006 0.8424 -0.3604
vn 0.2942 0.8423 -0.4516
vn 0.1441 0.0437 0.9886
vn 0.0921 0.0721 0.9931
vn 0.0195 -0.0413 0.9990
vn 0.0224 -0.0960 0.9951
vn 0.0051 -0.0576 0.9983
vn 0.1571 0.9780 0.1374
vn 0.0793 0.9864 0.1441
vn 0.2209 0.9655 0.1379
vn -0.0417 -0.8782 0.4765
vn 0.2455 -0.1467 -0.9582
vn 0.0109 -0.0632 -0.9979
vn 0.0225 -0.0973 -0.9950
vn -0.0244 -0.1736 0.9845
vn -0.0550 -0.0314 0.9980
vn -0.0164 -0.1306 0.9913
vn -0.8712 0.4507 -0.1947
vn -0.7782 0.3600 -0.5145
vn -0.8915 0.3942 -0.2230
vn -0.2451 -0.0644 0.9674
vn -0.4452 0.0761 0.8922
vn -0.4863 -0.2809 0.8274
vn 0.0144 -0.9976 0.0678
vn 0.7388 -0.4521 -0.4998
vn 0.9162 0.2765 0.2901
vn 0.8913 0.4081 -0.1976
vn 0.0273 -0.1940 -0.9806
vn -0.0133 -0.2066 -0.9783
vn 0.1223 0.0467 -0.9914
vn 0.1029 0.6991 -0.7076
vn 0.6724 -0.5152 -0.5315
vn 0.0191 0.0720 0.9972
vn -0.7324 0.6777 -0.0657
vn -0.0028 -0.0177 0.9998
vn 0.0470 0.0058 0.9989
vn 0.0047 -0.0123 0.9999
vn 0.6889 -0.7159 -0.1135
vn 0.0099 -0.0254 0.9996
vn 0.0870 0.6722 0.7352
vn -0.1056 0.0644 0.9923
vn 0.6924 0.7205 -0.0382
vn 0.9021 0.4145 -0.1200
vn 0.6799 0.6948 -0.2345
vn 0.5750 -0.2734 0.7711
vn 0.2934 -0.1569 0.9430
vn -0.9928 0.1065 -0.0557
vn -0.9146 0.3551 -0.1934
vn -0.9308 0.3623 -0.0488
vn -0.0793 -0.2073 0.9751
vn -0.0855 -0.0645 0.9942
vn -0.4748 -0.8690 0.1393
vn 0.2995 -0.0511 0.9527
vn 0.0152 -0.0546 0.9984
vn 0.0163 -0.0703 0.9974
vn -0.0143 0.0846 -0.9963
vn 0.0015 0.1078 -0.9942
vn -0.6096 0.7925 0.0161
vn -0.6503 0.7265 -0.2218
vn -0.6488 0.7189 0.2494
vn -0.2086 0.7309 0.6498
vn -0.2489 0.1899 0.9497
vn 0.0625 0.0444 0.9971
vn 0.0596 0.0071 0.9982
vn 0.0576 0.0135 0.9982
vn 0.1212 0.0310 0.9921
vn -0.8898 0.4039 0.2126
vn -0.9222 0.3865 -0.0121
vn -0.9171 0.3696 0.1497
vn -0.7987 0.3264 0.5055
vn -0.7919 0.3787 0.4791
vn 0.8967 -0.4160 -0.1512
vn 0.7565 -0.3440 0.5563
vn 0.7458 -0.2816 0.6038
vn 0.9074 -0.2683 0.3234
vn 0.8365 -0.3340 -0.4345
vn -0.2637 -0.9617 -0.0746
vn -0.0111 -0.0014 -0.9999
vn -0.0906 -0.2030 0.9750
vn 0.9600 0.2796 0.0160
vn -0.0326 -0.1964 -0.9800
vn -0.0537 -0.1703 -0.9839
vn -0.0709 -0.0245 0.9972
vn -0.0652 -0.0295 0.9974
vn -0.0506 -0.0484 0.9975
vn -0.0519 -0.0245 0.9984
vn -0.0028 -0.0071 -1.0000
vn -0.0503 -0.0338 0.9982
vn -0.0311 -0.0431 0.9986
vn -0.0484 -0.0692 0.9964
vn 0.4781 -0.6053 -0.6364
vn 0.0477 -0.0129 -0.9988
vn -0.0120 0.0686 -0.9976
vn 0.0422 0.0515 -0.9978
vn -0.8276 -0.3599 -0.4307
vn -0.0567 0.0192 0.9982
vn -0.5438 -0.4926 0.6795
vn -0.3795 -0.2361 0.8946
vn 0.0270 -0.0300 -0.9992
vn 0.0218 -0.0376 -0.9991
vn 0.1016 0.6886 0.7180
vn -0.2568 -0.0007 -0.9665
vn 0.1011 0.9032 -0.4172
vn 0.1537 -0.1640 0.9744
vn 0.7677 -0.5603 0.3109
vn 0.6270 -0.3607 0.6905
vn 0.8692 -0.4836 0.1030
vn -0.0090 0.1796 -0.9837
vn 0.0122 0.1330 -0.9910
vn 0.1671 0.2048 0.9644
vn 0.0675 0.2062 0.9762
vn 0.1984 0.4516 0.8699
vn -0.0136 0.1203 0.9926
vn 0.3217 -0.0553 0.9452
vn -0.0203 -0.0480 -0.9986
vn -0.0351 0.0300 -0.9989
vn 0.2073 0.9279 0.3098
vn -0.0063 -0.0226 0.9997
vn -0.0333 -0.0593 -0.9977
vn 0.0686 -0.0313 -0.9972
vn 0.0048 0.0484 0.9988
vn -0.5690 0.3906 -0.7237
vn 0.0393 -0.0959 -0.9946
vn 0.8471 -0.4049 0.3443
vn -0.0204 -0.0742 -0.9970
vn 0.3308 0.8646 0.3782
vn 0.2323 0.6660 0.7089
vn 0.2939 0.9255 0.2390
vn 0.2581 0.8152 0.5185
vn 0.0122 0.1383 -0.9903
vn 0.0600 0.1092 -0.9922
vn 0.0279 0.1053 -0.9941
vn 0.0142 0.1038 -0.9945
vn -0.6744 -0.7276 -0.1258
vn -0.3490 -0.2591 0.9006
vn 0.8002 -0.5997 0.0010
vn 0.0261 -0.0035 0.9997
vn 0.0274 0.0220 0.9994
vn -0.0703 -0.0552 -0.9960
vn -0.1839 0.0100 -0.9829
vn 0.0028 0.1116 -0.9938
vn 0.0108 0.0397 -0.9992
vn 0.0054 0.0563 -0.9984
vn 0.0675 -0.8997 0.4313
vn -0.0222 -0.0624 -0.9978
vn -0.0031 -0.0775 -0.9970
vn -0.1922 0.0485 -0.9802
vn -0.0721 0.0594 -0.9956
vn 0.8126 -0.1387 0.5661
vn 0.3768 -0.1405 0.9156
vn -0.0357 -0.0325 0.9988
vn -0.0471 -0.0272 0.9985
vn 0.2051 0.9651 0.1627
vn 0.2298 0.9709 0.0669
vn 0.5128 -0.7796 -0.3595
vn -0.0055 -0.6023 0.7982
vn 0.0520 -0.0707 0.9961
vn 0.0329 -0.1114 0.9932
vn -0.1974 -0.0170 0.9802
vn -0.2969 -0.0960 0.9501
vn -0.1686 -0.0202 0.9855
vn -0.0241 0.0166 0.9996
vn -0.1957 -0.2146 0.9569
vn -0.0020 0.2342 0.9722
vn -0.0672 -0.1694 0.9832
vn 0.0804 -0.9934 0.0822
vn -0.1427 -0.9809 0.1321
vn 0.5036 0.4579 0.7326
vn 0.0113 0.1064 -0.9943
vn 0.8435 -0.0563 0.5341
vn 0.0094 -0.0683 -0.9976
vn -0.6376 0.7455 0.1940
vn -0.1462 -0.0988 -0.9843
vn -0.3022 0.0959 -0.9484
vn -0.0707 -0.3906 -0.9178
vn 0.2776 0.9594 -0.0501
vn -0.0012 0.0243 0.9997
vn -0.0366 0.7232 -0.6896
vn -0.0131 -0.0840 0.9964
vn -0.0017 0.0057 1.0000
vn -0.0242 0.0578 -0.9980
vn -0.0021 0.0034 -1.0000
vn -0.0212 -0.0202 -0.9996
vn -0.1684 -0.3681 -0.9144
vn -0.0823 -0.0982 -0.9918
vn 0.9917 -0.1287 0.0074
vn 0.9938 0.1068 -0.0315
vn 0.9939 -0.1076 0.0254
vn 0.0905 -0.3595 -0.9287
vn 0.0183 0.3128 -0.9496
vn 0.0540 0.2345 -0.9706
vn 0.0770 0.0680 -0.9947
vn 0.4205 0.9072 -0.0127
vn 0.5116 0.7608 -0.3993
vn -0.0064 -0.0772 0.9970
vn 0.0109 -0.0880 0.9961
vn -0.0248 -0.1258 -0.9917
vn 0.0258 0.0506 -0.9984
vn -0.0208 -0.1938 -0.9808
vn 0.1439 0.0789 -0.9864
vn 0.0171 -0.0240 0.9996
vn 0.0002 -0.0522 0.9986
vn 0.0161 0.0099 0.9998
vn 0.4541 0.4444 0.7722
vn -0.0245 0.1022 0.9945
vn -0.0428 -0.9991 0.0020
vn 0.0348 0.1547 -0.9873
vn 0.4340 0.8981 -0.0715
vn -0.4023 0.2138 -0.8902
vn -0.0383 0.0123 -0.9992
vn -0.0679 0.0574 0.9960
vn -0.0115 -0.0054 -0.9999
vn 0.2350 0.0707 -0.9694
vn 0.0315 0.0171 0.9994
vn 0.0109 -0.9973 -0.0726
vn 0.1351 -0.3607 0.9229
vn -0.0740 -0.0040 0.9973
vn -0.6625 0.7173 -0.2159
vn 0.0034 -0.1087 -0.9941
vn 0.0324 0.0914 -0.9953
vn -0.0469 -0.0290 0.9985
vn -0.0085 -0.0411 0.9991
vn -0.0756 0.0153 0.9970
vn 0.9640 0.1990 -0.1763
vn 0.1574 0.0055 0.9875
vn 0.0017 -0.0121 -0.9999
vn -0.0579 0.2606 0.9637
vn -0.0105 -0.0416 -0.9991
vn -0.0607 0.0445 0.9972
vn -0.0095 0.0748 0.9972
vn 0.0472 0.2782 -0.9594
vn -0.0340 -0.3863 -0.9217
vn 0.0219 0.2743 -0.9614
vn -0.0060 -0.8999 -0.4360
vn -0.0131 -0.0548 -0.9984
vn -0.0063 -0.0784 0.9969
vt 0.876214 0.090243
vt 0.870352 0.100188
vt 0.856495 0.086949
vt 0.868476 0.078351
vt 0.883405 0.095323
vt 0.877680 0.080908
vt 0.771733 0.895791
vt 0.770321 0.825047
vt 0.788433 0.888727
vt 0.632318 0.182012
vt 0.706320 0.193372
vt 0.629911 0.194949
vt 0.638204 0.165996
vt 0.757658 0.901863
vt 0.757301 0.827601
vt 0.936879 0.174014
vt 0.971956 0.187201
vt 0.913106 0.229889
vt 0.687192 0.327594
vt 0.710761 0.373944
vt 0.668833 0.359267
vt 0.677353 0.272646
vt 0.711793 0.325791
vt 0.601316 0.306042
vt 0.613628 0.264134
vt 0.304727 0.782745
vt 0.314109 0.829433
vt 0.294832 0.829431
vt 0.303100 0.771891
vt 0.310002 0.772013
vt 0.285806 0.782839
vt 0.312222 0.783003
vt 0.733145 0.496982
vt 0.719843 0.474305
vt 0.741020 0.477170
vt 0.731152 0.501405
vt 0.715186 0.493445
vt 0.750934 0.499218
vt 0.748922 0.505394
vt 0.814597 0.708124
vt 0.793649 0.703132
vt 0.814961 0.703094
vt 0.826331 0.709675
vt 0.818931 0.715529
vt 0.794540 0.711225
vt 0.830883 0.707828
vt 0.684737 0.914334
vt 0.689543 0.890254
vt 0.706272 0.905741
vt 0.257199 0.565444
vt 0.238813 0.538295
vt 0.258044 0.530153
vt 0.268238 0.556770
vt 0.238140 0.580651
vt 0.268003 0.579894
vt 0.673925 0.895786
vt 0.337500 0.627683
vt 0.340319 0.692079
vt 0.326297 0.692387
vt 0.316866 0.585641
vt 0.355693 0.616086
vt 0.356489 0.679177
vt 0.325361 0.628657
vt 0.650546 0.428687
vt 0.607057 0.462038
vt 0.598991 0.414641
vt 0.642300 0.480707
vt 0.532232 0.615396
vt 0.517684 0.691338
vt 0.517407 0.615200
vt 0.666919 0.431504
vt 0.535043 0.694352
vt 0.657211 0.369266
vt 0.957810 0.492064
vt 0.943787 0.493918
vt 0.956041 0.484114
vt 0.970324 0.489879
vt 0.959271 0.502081
vt 0.890839 0.127910
vt 0.905475 0.133329
vt 0.896124 0.148611
vt 0.876416 0.126568
vt 0.883869 0.117451
vt 0.908445 0.120289
vt 0.880834 0.136324
vt 0.849171 0.362445
vt 0.867839 0.301903
vt 0.884881 0.310134
vt 0.847284 0.296065
vt 0.829136 0.358644
vt 0.866119 0.366563
vt 0.830547 0.419520
vt 0.537969 0.167302
vt 0.489566 0.151710
vt 0.524595 0.100553
vt 0.541287 0.206161
vt 0.509835 0.204813
vt 0.565516 0.115956
vt 0.565211 0.167157
vt 0.801361 0.236696
vt 0.820248 0.228544
vt 0.809766 0.257206
vt 0.752508 0.234249
vt 0.794081 0.226563
vt 0.752102 0.259533
vt 0.813919 0.225155
vt 0.757518 0.955723
vt 0.777625 0.943977
vt 0.766372 0.968161
vt 0.146083 0.867076
vt 0.135859 0.894772
vt 0.113928 0.897748
vt 0.133868 0.860456
vt 0.746827 0.945506
vt 0.737246 0.985974
vt 0.322666 0.764048
vt 0.333493 0.762527
vt 0.334895 0.769478
vt 0.324688 0.771131
vt 0.311869 0.755754
vt 0.319691 0.753079
vt 0.314812 0.764452
vt 0.667210 0.571688
vt 0.656205 0.542014
vt 0.661147 0.541365
vt 0.672543 0.571709
vt 0.688049 0.622386
vt 0.683242 0.622166
vt 0.662839 0.572148
vt 0.894091 0.673748
vt 0.904656 0.668102
vt 0.897372 0.676712
vt 0.880667 0.676263
vt 0.882338 0.669587
vt 0.747786 0.815144
vt 0.742467 0.805349
vt 0.748490 0.805522
vt 0.739389 0.806691
vt 0.898633 0.768175
vt 0.888036 0.772637
vt 0.885118 0.770096
vt 0.898940 0.766651
vt 0.906535 0.778257
vt 0.274000 0.249081
vt 0.292943 0.272006
vt 0.239820 0.291595
vt 0.725752 0.439249
vt 0.725280 0.372261
vt 0.357367 0.234300
vt 0.361525 0.247477
vt 0.232981 0.249389
vt 0.268363 0.233731
vt 0.265113 0.781256
vt 0.283300 0.770510
vt 0.274729 0.829289
vt 0.253563 0.827610
vt 0.246743 0.782788
vt 0.262211 0.768846
vt 0.981301 0.314959
vt 0.964925 0.328845
vt 0.973634 0.307880
vt 0.285829 0.488286
vt 0.297002 0.515348
vt 0.283388 0.522179
vt 0.272690 0.488478
vt 0.269515 0.447588
vt 0.286180 0.450168
vt 0.299863 0.486476
vt 0.784867 0.190895
vt 0.784913 0.204252
vt 0.758240 0.200711
vt 0.803580 0.192941
vt 0.801809 0.202955
vt 0.802776 0.182513
vt 0.757230 0.188776
vt 0.759161 0.178977
vt 0.787811 0.177835
vt 0.424888 0.916845
vt 0.377268 0.926061
vt 0.379872 0.918704
vt 0.422657 0.911565
vt 0.457939 0.906424
vt 0.378585 0.911046
vt 0.459937 0.909910
vt 0.426812 0.921321
vt 0.362883 0.742660
vt 0.360809 0.730255
vt 0.377975 0.733517
vt 0.381409 0.740699
vt 0.365232 0.752421
vt 0.357617 0.746774
vt 0.354846 0.737156
vt 0.553233 0.238831
vt 0.566183 0.245269
vt 0.556104 0.247998
vt 0.544847 0.247017
vt 0.540571 0.240585
vt 0.552954 0.231426
vt 0.564055 0.233628
vt 0.543012 0.233766
vt 0.563597 0.239450
vt 0.826766 0.107405
vt 0.763628 0.097409
vt 0.765765 0.079960
vt 0.562347 0.896258
vt 0.566657 0.921448
vt 0.548868 0.899081
vt 0.830837 0.088529
vt 0.817879 0.129910
vt 0.834021 0.131475
vt 0.810103 0.765181
vt 0.807643 0.752369
vt 0.825342 0.747685
vt 0.476439 0.370219
vt 0.456735 0.392322
vt 0.470806 0.368567
vt 0.482602 0.372785
vt 0.463168 0.395284
vt 0.484296 0.362274
vt 0.479863 0.360084
vt 0.745798 0.693486
vt 0.741047 0.698147
vt 0.728611 0.693486
vt 0.720759 0.939851
vt 0.713250 0.938135
vt 0.721181 0.918585
vt 0.755907 0.705878
vt 0.720742 0.958418
vt 0.725430 0.958575
vt 0.762683 0.702830
vt 0.729092 0.516820
vt 0.745628 0.523103
vt 0.728046 0.520136
vt 0.709993 0.516384
vt 0.711314 0.513238
vt 0.730175 0.511856
vt 0.746941 0.519332
vt 0.837156 0.624917
vt 0.826711 0.604519
vt 0.840279 0.617359
vt 0.841480 0.256061
vt 0.832952 0.256981
vt 0.839812 0.233428
vt 0.855134 0.639683
vt 0.830094 0.632504
vt 0.817638 0.611895
vt 0.370847 0.514939
vt 0.369605 0.562369
vt 0.359463 0.515751
vt 0.383830 0.558719
vt 0.370686 0.473307
vt 0.388975 0.513395
vt 0.358664 0.473607
vt 0.124859 0.829343
vt 0.094118 0.828604
vt 0.126275 0.821010
vt 0.666741 0.515096
vt 0.658950 0.527528
vt 0.661033 0.515062
vt 0.138458 0.827922
vt 0.671449 0.486027
vt 0.678750 0.486893
vt 0.664875 0.528938
vt 0.569571 0.504176
vt 0.595555 0.504968
vt 0.596912 0.521041
vt 0.057636 0.236573
vt 0.071276 0.252451
vt 0.018520 0.263471
vt 0.130438 0.230282
vt 0.001934 0.249344
vt 0.055357 0.231828
vt 0.127315 0.224243
vt 0.967282 0.816450
vt 0.958228 0.816762
vt 0.955994 0.802160
vt 0.966085 0.803627
vt 0.542679 0.957082
vt 0.541105 0.946847
vt 0.553189 0.944774
vt 0.481331 0.129047
vt 0.465792 0.129168
vt 0.483604 0.119176
vt 0.490697 0.133177
vt 0.966331 0.829433
vt 0.903590 0.179181
vt 0.912246 0.213414
vt 0.901531 0.226634
vt 0.886866 0.218744
vt 0.601821 0.900212
vt 0.629642 0.873934
vt 0.640531 0.887300
vt 0.882253 0.176685
vt 0.617977 0.909482
vt 0.923230 0.162616
vt 0.860240 0.571123
vt 0.864799 0.554517
vt 0.884953 0.587612
vt 0.796060 0.460726
vt 0.777514 0.484720
vt 0.777832 0.454178
vt 0.791515 0.408323
vt 0.789109 0.489951
vt 0.829407 0.527916
vt 0.810742 0.417225
vt 0.458624 0.441128
vt 0.460527 0.481437
vt 0.443921 0.478219
vt 0.476267 0.485153
vt 0.614283 0.109885
vt 0.629668 0.111652
vt 0.602031 0.157193
vt 0.602703 0.110296
vt 0.478589 0.441425
vt 0.439242 0.440887
vt 0.783333 0.212426
vt 0.756668 0.909808
vt 0.780048 0.917786
vt 0.778072 0.921799
vt 0.761433 0.906534
vt 0.774080 0.923882
vt 0.464473 0.919068
vt 0.432075 0.932036
vt 0.462208 0.913929
vt 0.753971 0.913995
vt 0.466312 0.924861
vt 0.304736 0.756394
vt 0.308160 0.765050
vt 0.301487 0.763671
vt 0.307787 0.746948
vt 0.299975 0.746110
vt 0.298337 0.755147
vt 0.569020 0.222628
vt 0.559346 0.218672
vt 0.577139 0.197820
vt 0.120982 0.708402
vt 0.089409 0.696560
vt 0.117502 0.679415
vt 0.132999 0.706139
vt 0.095227 0.719757
vt 0.515952 0.810688
vt 0.495924 0.783392
vt 0.516156 0.784131
vt 0.527856 0.810366
vt 0.529034 0.860178
vt 0.514385 0.857381
vt 0.494185 0.812056
vt 0.058537 0.629120
vt 0.045483 0.638764
vt 0.046916 0.628647
vt 0.057137 0.625019
vt 0.077612 0.621661
vt 0.061902 0.640957
vt 0.086096 0.622753
vt 0.537666 0.404308
vt 0.524948 0.429903
vt 0.523330 0.413864
vt 0.530887 0.388235
vt 0.542052 0.383208
vt 0.529154 0.401517
vt 0.856982 0.754991
vt 0.878699 0.748942
vt 0.873382 0.775204
vt 0.857560 0.735754
vt 0.497288 0.687075
vt 0.498042 0.613871
vt 0.505330 0.613793
vt 0.629076 0.681860
vt 0.637200 0.683859
vt 0.621206 0.750572
vt 0.613160 0.748796
vt 0.504447 0.688355
vt 0.491488 0.686845
vt 0.622667 0.680224
vt 0.794979 0.676238
vt 0.795247 0.664887
vt 0.818665 0.666102
vt 0.800277 0.691762
vt 0.781251 0.687836
vt 0.779563 0.750605
vt 0.781037 0.764812
vt 0.764302 0.766397
vt 0.832303 0.679962
vt 0.776786 0.663773
vt 0.324871 0.080912
vt 0.288740 0.004870
vt 0.331932 0.024902
vt 0.392826 0.088054
vt 0.378954 0.140668
vt 0.271742 0.060390
vt 0.309134 0.135090
vt 0.871895 0.483952
vt 0.866313 0.488078
vt 0.831433 0.450939
vt 0.890504 0.438940
vt 0.879528 0.482672
vt 0.028037 0.172896
vt 0.022189 0.115213
vt 0.028037 0.114299
vt 0.895226 0.532085
vt 0.139433 0.243287
vt 0.155677 0.267811
vt 0.087473 0.277515
vt 0.213456 0.227025
vt 0.220099 0.240547
vt 0.924695 0.469588
vt 0.948447 0.454235
vt 0.932420 0.479987
vt 0.919314 0.474696
vt 0.912447 0.463433
vt 0.925581 0.484466
vt 0.945718 0.440008
vt 0.495323 0.111247
vt 0.486603 0.114034
vt 0.479577 0.088326
vt 0.467174 0.815239
vt 0.456932 0.785608
vt 0.473450 0.784733
vt 0.456254 0.814008
vt 0.461089 0.860090
vt 0.447019 0.860903
vt 0.480578 0.814416
vt 0.752463 0.710574
vt 0.735913 0.701056
vt 0.803252 0.951261
vt 0.808847 0.944696
vt 0.812977 0.966229
vt 0.809261 0.968505
vt 0.799871 0.953537
vt 0.792009 0.935515
vt 0.850209 0.223086
vt 0.852147 0.229759
vt 0.841226 0.222944
vt 0.851202 0.655888
vt 0.835963 0.654804
vt 0.846432 0.649865
vt 0.849290 0.217352
vt 0.851880 0.661743
vt 0.214240 0.601918
vt 0.194006 0.617907
vt 0.186366 0.583935
vt 0.441384 0.578930
vt 0.425820 0.551442
vt 0.441295 0.549665
vt 0.225202 0.584165
vt 0.226660 0.599454
vt 0.233272 0.616993
vt 0.223284 0.623343
vt 0.453678 0.556305
vt 0.732337 0.012104
vt 0.746513 0.082614
vt 0.717777 0.019955
vt 0.764492 0.074827
vt 0.752399 0.000204
vt 0.796078 0.508245
vt 0.768418 0.514494
vt 0.768372 0.509368
vt 0.904242 0.574957
vt 0.884153 0.541602
vt 0.911245 0.570058
vt 0.898430 0.578926
vt 0.770227 0.520352
vt 0.796498 0.514516
vt 0.795339 0.503347
vt 0.905709 0.766952
vt 0.897415 0.763735
vt 0.897754 0.746196
vt 0.738416 0.808419
vt 0.744697 0.815415
vt 0.983082 0.513663
vt 0.960831 0.530370
vt 0.961081 0.515904
vt 0.724681 0.800384
vt 0.727603 0.796150
vt 0.981648 0.496812
vt 0.354974 0.227734
vt 0.268460 0.219765
vt 0.356904 0.219354
vt 0.410075 0.227905
vt 0.265993 0.227238
vt 0.824498 0.810201
vt 0.819422 0.812698
vt 0.814971 0.774836
vt 0.389912 0.715113
vt 0.395573 0.682534
vt 0.401146 0.683875
vt 0.824735 0.877796
vt 0.388677 0.682644
vt 0.829014 0.773449
vt 0.831208 0.811118
vt 0.881854 0.046596
vt 0.891765 0.037661
vt 0.894160 0.069700
vt 0.889761 0.076521
vt 0.849015 0.007180
vt 0.860544 0.001047
vt 0.873284 0.049341
vt 0.970977 0.708032
vt 0.966833 0.714224
vt 0.912244 0.690734
vt 0.714006 0.139441
vt 0.755483 0.155144
vt 0.755698 0.162694
vt 0.966910 0.700984
vt 0.999993 0.672785
vt 0.999993 0.709387
vt 0.753271 0.168768
vt 0.811942 0.940282
vt 0.815321 0.936631
vt 0.828977 0.949487
vt 0.798093 0.927810
vt 0.825073 0.952751
vt 0.809934 0.942629
vt 0.796535 0.929822
vt 0.540740 0.561768
vt 0.532279 0.561825
vt 0.530505 0.536814
vt 0.529162 0.584108
vt 0.545626 0.537405
vt 0.556099 0.563464
vt 0.546696 0.581472
vt 0.654405 0.529342
vt 0.648943 0.531521
vt 0.649458 0.528085
vt 0.654520 0.526599
vt 0.659069 0.529104
vt 0.876235 0.705999
vt 0.875298 0.714396
vt 0.859015 0.703291
vt 0.862660 0.691116
vt 0.879541 0.694797
vt 0.894350 0.706420
vt 0.889241 0.713042
vt 0.700033 0.859884
vt 0.720852 0.844181
vt 0.721581 0.860172
vt 0.694112 0.872680
vt 0.684840 0.865598
vt 0.690984 0.859854
vt 0.702594 0.851176
vt 0.909878 0.432094
vt 0.888405 0.429748
vt 0.907068 0.372771
vt 0.929900 0.376381
vt 0.393275 0.814587
vt 0.386723 0.764694
vt 0.412283 0.807814
vt 0.375361 0.820444
vt 0.370162 0.773476
vt 0.929900 0.434576
vt 0.951294 0.885523
vt 0.947139 0.897309
vt 0.899438 0.885309
vt 0.370451 0.431426
vt 0.386973 0.435068
vt 0.359601 0.428006
vt 0.903410 0.872185
vt 0.957002 0.868634
vt 0.474676 0.776091
vt 0.497215 0.775681
vt 0.770749 0.926082
vt 0.769196 0.928576
vt 0.749358 0.920515
vt 0.751230 0.917564
vt 0.784735 0.938911
vt 0.323138 0.828700
vt 0.797056 0.501578
vt 0.840876 0.509795
vt 0.834504 0.516043
vt 0.000506 0.000898
vt 0.007009 0.001989
vt 0.000506 0.060747
vt 0.329270 0.828116
vt 0.224015 0.195105
vt 0.233643 0.136192
vt 0.233643 0.196260
vt 0.843500 0.504018
vt 0.224688 0.173863
vt 0.164010 0.124124
vt 0.233219 0.127023
vt 0.217420 0.199964
vt 0.152202 0.176790
vt 0.456794 0.190993
vt 0.489306 0.227110
vt 0.433361 0.210541
vt 0.685515 0.759437
vt 0.690203 0.784647
vt 0.673294 0.787005
vt 0.070093 0.040741
vt 0.058186 0.046729
vt 0.058186 0.016918
vt 0.673019 0.759831
vt 0.697366 0.761486
vt 0.842140 0.276896
vt 0.828008 0.256983
vt 0.449785 0.790335
vt 0.459172 0.776146
vt 0.507471 0.376605
vt 0.498697 0.369236
vt 0.514015 0.371186
vt 0.492711 0.376612
vt 0.871360 0.667183
vt 0.862433 0.671669
vt 0.859516 0.664028
vt 0.874276 0.662991
vt 0.730634 0.503941
vt 0.712681 0.504259
vt 0.712914 0.500329
vt 0.730498 0.507400
vt 0.713506 0.498076
vt 0.515405 0.898413
vt 0.529875 0.911384
vt 0.519156 0.916748
vt 0.504435 0.898618
vt 0.797359 0.721051
vt 0.817654 0.728008
vt 0.791534 0.737284
vt 0.310851 0.477908
vt 0.312032 0.518038
vt 0.291483 0.552979
vt 0.181018 0.809455
vt 0.179764 0.820204
vt 0.149754 0.811312
vt 0.182099 0.792771
vt 0.234811 0.821059
vt 0.232438 0.836442
vt 0.149577 0.798069
vt 0.570858 0.254314
vt 0.147460 0.705638
vt 0.144815 0.671219
vt 0.157124 0.678107
vt 0.158732 0.707076
vt 0.139808 0.704759
vt 0.561411 0.856774
vt 0.547068 0.837819
vt 0.594925 0.809330
vt 0.761033 0.119075
vt 0.610623 0.824072
vt 0.573272 0.872128
vt 0.451904 0.388884
vt 0.435402 0.415885
vt 0.452131 0.421334
vt 0.131921 0.507771
vt 0.091032 0.505329
vt 0.082953 0.498376
vt 0.701694 0.954921
vt 0.700929 0.938129
vt 0.713335 0.958156
vt 0.712941 0.918892
vt 0.703063 0.575730
vt 0.683960 0.574579
vt 0.686782 0.541651
vt 0.706859 0.543457
vt 0.730172 0.548089
vt 0.719238 0.580791
vt 0.835281 0.669162
vt 0.850291 0.670343
vt 0.847203 0.682435
vt 0.837661 0.661035
vt 0.252928 0.334326
vt 0.309310 0.317790
vt 0.964401 0.242401
vt 0.273393 0.392259
vt 0.795111 0.519090
vt 0.324764 0.934573
vt 0.266660 0.934459
vt 0.322376 0.914076
vt 0.580741 0.000204
vt 0.606577 0.044784
vt 0.535152 0.003779
vt 0.652526 0.042078
vt 0.038208 0.125251
vt 0.092537 0.125688
vt 0.080067 0.181378
vt 0.601093 0.640471
vt 0.592471 0.585924
vt 0.653633 0.626283
vt 0.568065 0.622544
vt 0.672537 0.686911
vt 0.982014 0.471488
vt 0.974026 0.481555
vt 0.974291 0.469540
vt 0.976870 0.455929
vt 0.983529 0.458807
vt 0.707646 0.793376
vt 0.699037 0.801929
vt 0.699128 0.789170
vt 0.718723 0.773876
vt 0.705421 0.765022
vt 0.703003 0.806733
vt 0.985974 0.492185
vt 0.028986 0.076053
vt 0.047868 0.101140
vt 0.026768 0.091355
vt 0.022766 0.062315
vt 0.042766 0.064412
vt 0.001993 0.073107
vt 0.058411 0.091848
vt 0.004906 0.085164
vt 0.788367 0.820986
vt 0.732787 0.089077
vt 0.589021 0.309284
vt 0.564386 0.280060
vt 0.577841 0.282466
vt 0.602126 0.311465
vt 0.570486 0.307774
vt 0.617974 0.352155
vt 0.605793 0.353478
vt 0.810967 0.192934
vt 0.809301 0.180991
vt 0.807877 0.205443
vt 0.816091 0.193567
vt 0.700351 0.143082
vt 0.691940 0.106463
vt 0.696413 0.105737
vt 0.622747 0.230526
vt 0.689848 0.248840
vt 0.623034 0.234869
vt 0.583521 0.225716
vt 0.588605 0.210055
vt 0.624929 0.225619
vt 0.692833 0.244929
vt 0.349669 0.748041
vt 0.343857 0.759885
vt 0.342579 0.751639
vt 0.347453 0.738294
vt 0.353065 0.757563
vt 0.136417 0.642777
vt 0.137359 0.669263
vt 0.126747 0.641756
vt 0.135557 0.619589
vt 0.145578 0.642499
vt 0.830542 0.878969
vt 0.844466 0.815462
vt 0.844475 0.882067
vt 0.248628 0.947701
vt 0.252652 0.961589
vt 0.186394 0.960377
vt 0.184780 0.948810
vt 0.248396 0.941088
vt 0.095268 0.836320
vt 0.096718 0.842449
vt 0.060979 0.861047
vt 0.435738 0.948465
vt 0.434939 0.943648
vt 0.468171 0.929158
vt 0.054109 0.854662
vt 0.054469 0.849641
vt 0.468661 0.932844
vt 0.127311 0.831262
vt 0.385124 0.953264
vt 0.683763 0.966037
vt 0.680930 0.957779
vt 0.689436 0.958042
vt 0.294553 0.728059
vt 0.301346 0.722980
vt 0.302144 0.736632
vt 0.293339 0.740697
vt 0.286507 0.735264
vt 0.293050 0.713009
vt 0.287538 0.717908
vt 0.139989 0.442428
vt 0.188578 0.376390
vt 0.201944 0.429581
vt 0.988769 0.663547
vt 0.932317 0.660219
vt 0.990647 0.611357
vt 0.125965 0.388920
vt 0.089230 0.453268
vt 0.832484 0.172468
vt 0.823864 0.172070
vt 0.827072 0.164527
vt 0.836152 0.165011
vt 0.841380 0.172634
vt 0.831884 0.180715
vt 0.350230 0.562330
vt 0.348764 0.515003
vt 0.869339 0.215037
vt 0.335913 0.559981
vt 0.856186 0.212872
vt 0.870938 0.169775
vt 0.359986 0.563590
vt 0.900264 0.530956
vt 0.919038 0.565161
vt 0.904925 0.527838
vt 0.922890 0.561370
vt 0.791966 0.493450
vt 0.794095 0.499465
vt 0.767338 0.503661
vt 0.889841 0.584411
vt 0.869763 0.552776
vt 0.872476 0.548764
vt 0.766823 0.500756
vt 0.893772 0.582205
vt 0.507153 0.933901
vt 0.514899 0.938067
vt 0.502254 0.942605
vt 0.796487 0.788019
vt 0.791495 0.766900
vt 0.796188 0.766402
vt 0.794735 0.803040
vt 0.792212 0.787835
vt 0.507103 0.915909
vt 0.798484 0.804391
vt 0.232455 0.211481
vt 0.274209 0.204234
vt 0.225317 0.227504
vt 0.044271 0.313310
vt 0.060353 0.368576
vt 0.046220 0.373289
vt 0.467307 0.111684
vt 0.010728 0.019746
vt 0.010339 0.011854
vt 0.021368 0.011558
vt 0.027301 0.017762
vt 0.015425 0.042056
vt 0.466310 0.119836
vt 0.462741 0.089393
vt 0.044294 0.701519
vt 0.049583 0.717486
vt 0.782629 0.018641
vt 0.802386 0.014864
vt 0.813427 0.059889
vt 0.082117 0.673069
vt 0.913391 0.835672
vt 0.962610 0.849647
vt 0.909468 0.855484
vt 0.006591 0.723155
vt 0.000954 0.711543
vt 0.517694 0.081871
vt 0.517315 0.062626
vt 0.520809 0.084093
vt 0.538547 0.774689
vt 0.520831 0.772090
vt 0.516961 0.762910
vt 0.507617 0.080798
vt 0.513379 0.063104
vt 0.531288 0.784780
vt 0.532247 0.776794
vt 0.762991 0.903145
vt 0.784192 0.916710
vt 0.794937 0.932510
vt 0.392802 0.609873
vt 0.385739 0.611613
vt 0.383012 0.561026
vt 0.388141 0.560764
vt 0.393042 0.560872
vt 0.399885 0.610713
vt 0.591010 0.554102
vt 0.562958 0.551590
vt 0.597415 0.535254
vt 0.637919 0.544563
vt 0.642527 0.573849
vt 0.551000 0.588237
vt 0.013128 0.208649
vt 0.068017 0.209381
vt 0.057026 0.226862
vt 0.884606 0.767578
vt 0.225766 0.636583
vt 0.200518 0.657330
vt 0.196629 0.641656
vt 0.227204 0.647767
vt 0.236364 0.628228
vt 0.235492 0.639033
vt 0.861758 0.820049
vt 0.434597 0.717284
vt 0.415863 0.683940
vt 0.434082 0.684315
vt 0.543036 0.721966
vt 0.566904 0.650156
vt 0.559377 0.725937
vt 0.848993 0.778863
vt 0.252168 0.366087
vt 0.240522 0.311855
vt 0.171891 0.319411
vt 0.816348 0.162008
vt 0.821938 0.179745
vt 0.814491 0.170444
vt 0.077995 0.497310
vt 0.090812 0.457920
vt 0.095940 0.461307
vt 0.027335 0.546513
vt 0.072254 0.493339
vt 0.030748 0.550824
vt 0.317360 0.727692
vt 0.319217 0.710992
vt 0.338726 0.728731
vt 0.310023 0.717215
vt 0.308821 0.732925
vt 0.327274 0.741997
vt 0.863610 0.939551
vt 0.856195 0.923670
vt 0.901493 0.918103
vt 0.915488 0.026767
vt 0.911660 0.077075
vt 0.908853 0.934942
vt 0.871462 0.960273
vt 0.929900 0.096120
vt 0.929900 0.033175
vt 0.714509 0.179262
vt 0.477036 0.695453
vt 0.496339 0.738338
vt 0.465714 0.694704
vt 0.487706 0.694578
vt 0.702304 0.207577
vt 0.455213 0.356005
vt 0.446730 0.383938
vt 0.438262 0.376889
vt 0.011153 0.308409
vt 0.037146 0.291844
vt 0.035504 0.306188
vt 0.465604 0.365895
vt 0.468584 0.345373
vt 0.000944 0.283523
vt 0.450470 0.331429
vt 0.734670 0.724499
vt 0.737371 0.742156
vt 0.724464 0.730892
vt 0.717613 0.710843
vt 0.724138 0.708064
vt 0.744137 0.715819
vt 0.749828 0.736760
vt 0.748927 0.509549
vt 0.747955 0.514571
vt 0.730567 0.771714
vt 0.735430 0.790643
vt 0.725530 0.753840
vt 0.733910 0.771439
vt 0.733670 0.753534
vt 0.458847 0.521666
vt 0.442501 0.515029
vt 0.137998 0.796242
vt 0.138190 0.809201
vt 0.124868 0.796567
vt 0.138265 0.781469
vt 0.149900 0.783553
vt 0.125273 0.782569
vt 0.598894 0.528003
vt 0.561425 0.534975
vt 0.637833 0.524343
vt 0.639403 0.527807
vt 0.638062 0.531905
vt 0.163913 0.639393
vt 0.160933 0.621567
vt 0.162561 0.590796
vt 0.543489 0.380689
vt 0.504375 0.335706
vt 0.546051 0.312055
vt 0.264017 0.418479
vt 0.580626 0.359976
vt 0.569174 0.432240
vt 0.626774 0.217205
vt 0.628735 0.206588
vt 0.698626 0.221282
vt 0.696465 0.231955
vt 0.595244 0.174842
vt 0.725083 0.135293
vt 0.701593 0.103931
vt 0.710317 0.100149
vt 0.592821 0.198060
vt 0.353497 0.727529
vt 0.349864 0.720243
vt 0.360504 0.718522
vt 0.325353 0.706632
vt 0.346601 0.727746
vt 0.896700 0.904374
vt 0.970290 0.724648
vt 0.909892 0.697657
vt 0.073434 0.408235
vt 0.059029 0.416188
vt 0.025275 0.387498
vt 0.009294 0.330292
vt 0.521139 0.398620
vt 0.527773 0.380091
vt 0.514759 0.417520
vt 0.517262 0.384552
vt 0.510954 0.409979
vt 0.514628 0.397347
vt 0.748308 0.531227
vt 0.774821 0.545022
vt 0.750503 0.552637
vt 0.765254 0.528236
vt 0.727760 0.528000
vt 0.764264 0.525414
vt 0.745884 0.525986
vt 0.781321 0.652983
vt 0.797775 0.655178
vt 0.818433 0.657300
vt 0.764037 0.748627
vt 0.752510 0.766175
vt 0.472704 0.530470
vt 0.493401 0.486688
vt 0.486275 0.535312
vt 0.466546 0.569336
vt 0.093035 0.788657
vt 0.093661 0.805722
vt 0.045895 0.822947
vt 0.094371 0.768981
vt 0.460561 0.580796
vt 0.451869 0.617732
vt 0.431703 0.611337
vt 0.467971 0.612382
vt 0.057265 0.769108
vt 0.524500 0.226577
vt 0.517244 0.236715
vt 0.548864 0.223142
vt 0.128504 0.447899
vt 0.128504 0.504669
vt 0.109429 0.497152
vt 0.803807 0.318648
vt 0.831532 0.282186
vt 0.820635 0.323738
vt 0.803490 0.382285
vt 0.783683 0.375698
vt 0.781549 0.317493
vt 0.786656 0.282186
vt 0.435959 0.862143
vt 0.443840 0.820617
vt 0.483245 0.401750
vt 0.471083 0.398879
vt 0.670318 0.948153
vt 0.673379 0.944243
vt 0.672746 0.957578
vt 0.658848 0.935079
vt 0.668090 0.928258
vt 0.667594 0.965322
vt 0.659661 0.956029
vt 0.823377 0.954459
vt 0.849388 0.712136
vt 0.841824 0.708602
vt 0.844269 0.704325
vt 0.844920 0.166997
vt 0.843279 0.156012
vt 0.852058 0.171384
vt 0.852797 0.157115
vt 0.836359 0.715120
vt 0.634329 0.915881
vt 0.310625 0.565729
vt 0.320071 0.553324
vt 0.877766 0.545286
vt 0.849336 0.500068
vt 0.857677 0.495246
vt 0.687918 0.434804
vt 0.695958 0.434846
vt 0.665319 0.485078
vt 0.489729 0.613890
vt 0.680323 0.434622
vt 0.780925 0.803024
vt 0.778360 0.788252
vt 0.788675 0.803377
vt 0.794527 0.810839
vt 0.765780 0.790021
vt 0.768486 0.805042
vt 0.899130 0.712924
vt 0.784659 0.813644
vt 0.464817 0.038444
vt 0.457466 0.041316
vt 0.509342 0.000798
vt 0.455468 0.126167
vt 0.494161 0.025308
vt 0.467875 0.044603
vt 0.123831 0.608872
vt 0.435402 0.286482
vt 0.455607 0.332491
vt 0.965017 0.786580
vt 0.954965 0.784633
vt 0.730005 0.749994
vt 0.028037 0.001048
vt 0.010339 0.001817
vt 0.559917 0.199604
vt 0.522055 0.065325
vt 0.523361 0.084112
vt 0.265817 0.004620
vt 0.271026 0.001922
vt 0.271026 0.053738
vt 0.259611 0.004408
vt 0.781919 0.941128
vt 0.785993 0.959228
vt 0.764179 0.932131
vt 0.527003 0.569289
vt 0.521416 0.561388
vt 0.520653 0.537332
vt 0.911365 0.114485
vt 0.898677 0.101686
vt 0.896001 0.086074
vt 0.259344 0.907208
vt 0.252251 0.922778
vt 0.189314 0.907871
vt 0.806875 0.882577
vt 0.083130 0.445653
vt 0.378508 0.724316
vt 0.397977 0.728667
vt 0.372575 0.713697
vt 0.699070 0.467275
vt 0.728767 0.443132
vt 0.843143 0.934876
vt 0.827488 0.917187
vt 0.832321 0.652913
vt 0.820538 0.652066
vt 0.827340 0.645739
vt 0.256287 0.593526
vt 0.241214 0.609195
vt 0.238487 0.590019
vt 0.480958 0.578318
vt 0.516601 0.536627
vt 0.510796 0.587612
vt 0.286700 0.583935
vt 0.263929 0.610243
vt 0.766136 0.523105
vt 0.728093 0.522878
vt 0.829666 0.233736
vt 0.868913 0.118771
vt 0.873234 0.122499
vt 0.856186 0.125747
vt 0.856856 0.114618
vt 0.881817 0.109762
vt 0.864154 0.133995
vt 0.067662 0.573235
vt 0.114161 0.528344
vt 0.126621 0.539257
vt 0.892361 0.901863
vt 0.879825 0.895978
vt 0.893402 0.827633
vt 0.904199 0.829539
vt 0.058200 0.619154
vt 0.054105 0.568490
vt 0.071062 0.587441
vt 0.228893 0.711312
vt 0.183191 0.714611
vt 0.188756 0.693182
vt 0.269067 0.724878
vt 0.260144 0.735976
vt 0.233704 0.694080
vt 0.272194 0.713533
vt 0.218515 0.728164
vt 0.789989 0.168085
vt 0.786050 0.171254
vt 0.792922 0.164193
vt 0.813647 0.176911
vt 0.021455 0.540358
vt 0.015771 0.163550
vt 0.015771 0.099264
vt 0.023364 0.163033
vt 0.000674 0.593080
vt 0.330830 0.752274
vt 0.651480 0.542557
vt 0.887092 0.721268
vt 0.874013 0.720552
vt 0.803403 0.814519
vt 0.871407 0.725587
vt 0.895348 0.716298
vt 0.886404 0.722845
vt 0.891656 0.724969
vt 0.720888 0.838250
vt 0.739755 0.823670
vt 0.435422 0.207629
vt 0.411832 0.219595
vt 0.415945 0.203382
vt 0.734588 0.841884
vt 0.406179 0.755531
vt 0.431677 0.798971
vt 0.865602 0.428956
vt 0.409447 0.476630
vt 0.424462 0.513988
vt 0.407728 0.514340
vt 0.391440 0.475086
vt 0.406953 0.438407
vt 0.427264 0.478489
vt 0.423980 0.440234
vt 0.528797 0.777075
vt 0.525752 0.785181
vt 0.428690 0.925985
vt 0.210290 0.220023
vt 0.264017 0.219405
vt 0.130202 0.217686
vt 0.213512 0.213323
vt 0.684634 0.799826
vt 0.670147 0.798928
vt 0.456841 0.740349
vt 0.457163 0.768132
vt 0.449217 0.762260
vt 0.442790 0.732770
vt 0.435959 0.693217
vt 0.473679 0.738459
vt 0.447862 0.694452
vt 0.010728 0.653524
vt 0.021163 0.628075
vt 0.021639 0.657472
vt 0.679636 0.940735
vt 0.672903 0.925722
vt 0.688640 0.939131
vt 0.680285 0.920249
vt 0.671905 0.040370
vt 0.678847 0.039165
vt 0.286625 0.705373
vt 0.278127 0.629463
vt 0.292339 0.703430
vt 0.682739 0.106788
vt 0.270528 0.710917
vt 0.262016 0.631649
vt 0.935447 0.503107
vt 0.937767 0.487244
vt 0.347764 0.473811
vt 0.332685 0.514171
vt 0.138256 0.820461
vt 0.125087 0.809436
vt 0.471731 0.243761
vt 0.478573 0.237921
vt 0.512777 0.241310
vt 0.478324 0.250120
vt 0.427956 0.277196
vt 0.421325 0.220150
vt 0.945037 0.816223
vt 0.096290 0.512003
vt 0.047229 0.559597
vt 0.104396 0.518827
vt 0.473249 0.425231
vt 0.135659 0.516883
vt 0.311374 0.699327
vt 0.801173 0.971278
vt 0.793768 0.955187
vt 0.796324 0.954247
vt 0.804602 0.970464
vt 0.798893 0.972520
vt 0.709587 0.518863
vt 0.838475 0.217033
vt 0.830617 0.208246
vt 0.840403 0.207709
vt 0.830554 0.217044
vt 0.832246 0.224265
vt 0.125371 0.592100
vt 0.140453 0.589724
vt 0.147166 0.628850
vt 0.058411 0.009996
vt 0.043718 0.047627
vt 0.034210 0.043110
vt 0.051267 0.004527
vt 0.482182 0.685609
vt 0.705602 0.435573
vt 0.479402 0.613260
vt 0.768349 0.506329
vt 0.738595 0.789934
vt 0.301400 0.617883
vt 0.274262 0.627501
vt 0.270847 0.618885
vt 0.414494 0.250093
vt 0.368433 0.271377
vt 0.420614 0.271503
vt 0.411720 0.235396
vt 0.436057 0.248189
vt 0.438141 0.265856
vt 0.311080 0.834504
vt 0.315162 0.851790
vt 0.258228 0.870651
vt 0.253336 0.854135
vt 0.250168 0.834504
vt 0.834106 0.325486
vt 0.820814 0.387346
vt 0.613606 0.815415
vt 0.614839 0.804897
vt 0.950627 0.390184
vt 0.950191 0.335976
vt 0.972866 0.378921
vt 0.924631 0.351896
vt 0.935282 0.343641
vt 0.912747 0.952722
vt 0.953546 0.926298
vt 0.958052 0.942553
vt 0.995920 0.762219
vt 0.956598 0.728314
vt 0.714006 0.182264
vt 0.749820 0.178901
vt 0.745554 0.192453
vt 0.767969 0.902425
vt 0.786450 0.914922
vt 0.362136 0.775989
vt 0.367202 0.823664
vt 0.361743 0.824546
vt 0.360613 0.765462
vt 0.356103 0.777265
vt 0.566527 0.476341
vt 0.567529 0.436007
vt 0.032239 0.287921
vt 0.952927 0.470343
vt 0.020674 0.107816
vt 0.042678 0.108116
vt 0.044038 0.116822
vt 0.925227 0.146148
vt 0.019333 0.097072
vt 0.738398 0.579915
vt 0.768489 0.577174
vt 0.747250 0.632005
vt 0.901904 0.313575
vt 0.885982 0.370382
vt 0.531281 0.778013
vt 0.530648 0.778144
vt 0.127562 0.836599
vt 0.114133 0.852400
vt 0.079640 0.872310
vt 0.703320 0.967282
vt 0.186756 0.922782
vt 0.249053 0.934312
vt 0.498856 0.688904
vt 0.508013 0.009586
vt 0.523361 0.010768
vt 0.502673 0.055638
vt 0.184866 0.932903
vt 0.481012 0.049365
vt 0.038696 0.663745
vt 0.039862 0.635983
vt 0.046017 0.664769
vt 0.656104 0.919851
vt 0.643149 0.923606
vt 0.506373 0.424699
vt 0.880074 0.778317
vt 0.873182 0.789714
vt 0.688567 0.036041
vt 0.696813 0.032734
vt 0.300434 0.700664
vt 0.291363 0.627232
vt 0.307343 0.698694
vt 0.287129 0.627724
vt 0.295439 0.702382
vt 0.682602 0.038187
vt 0.785626 0.766182
vt 0.803732 0.752668
vt 0.796641 0.753650
vt 0.786885 0.788518
vt 0.781206 0.706749
vt 0.792987 0.698412
vt 0.433145 0.144959
vt 0.450931 0.098049
vt 0.407405 0.039790
vt 0.097135 0.761510
vt 0.096267 0.741330
vt 0.126902 0.759914
vt 0.880610 0.683591
vt 0.862352 0.679611
vt 0.898745 0.685124
vt 0.263115 0.911082
vt 0.320046 0.892682
vt 0.896854 0.893673
vt 0.948660 0.909525
vt 0.348315 0.430177
vt 0.798026 0.158468
vt 0.804504 0.150731
vt 0.757113 0.143395
vt 0.455870 0.900933
vt 0.429533 0.896796
vt 0.772384 0.899278
vt 0.786663 0.908436
vt 0.469623 0.887432
vt 0.345641 0.767620
vt 0.354072 0.764658
vt 0.347582 0.777543
vt 0.546431 0.271645
vt 0.563094 0.262231
vt 0.551687 0.258717
vt 0.751091 0.187883
vt 0.755060 0.173889
vt 0.753823 0.204620
vt 0.488891 0.365421
vt 0.029518 0.622525
vt 0.034959 0.622435
vt 0.034837 0.623465
vt 0.029755 0.632162
vt 0.020068 0.618496
vt 0.858878 0.721298
vt 0.850911 0.714602
vt 0.860840 0.718537
vt 0.854720 0.728177
vt 0.846331 0.725403
vt 0.766349 0.704528
vt 0.712408 0.508469
vt 0.404532 0.555886
vt 0.094707 0.816288
vt 0.046611 0.836442
vt 0.885421 0.101135
vt 0.882769 0.106832
vt 0.851969 0.112895
vt 0.861989 0.887979
vt 0.879437 0.824611
vt 0.085763 0.600492
vt 0.142522 0.549209
vt 0.259344 0.976628
vt 0.188816 0.976108
vt 0.383260 0.946813
vt 0.433046 0.938355
vt 0.282093 0.762347
vt 0.631153 0.751127
vt 0.643731 0.685437
vt 0.636442 0.753653
vt 0.615565 0.789578
vt 0.832185 0.693341
vt 0.846507 0.695560
vt 0.829527 0.701593
vt 0.679608 0.875991
vt 0.710231 0.877606
vt 0.890909 0.536336
vt 0.825695 0.454381
vt 0.817096 0.460840
vt 0.653738 0.483376
vt 0.637743 0.510304
vt 0.927425 0.504228
vt 0.934188 0.518626
vt 0.929362 0.517739
vt 0.529984 0.937561
vt 0.740649 0.880716
vt 0.439077 0.188418
vt 0.420829 0.180308
vt 0.262131 0.890083
vt 0.202107 0.904111
vt 0.319218 0.869968
vt 0.775331 0.398706
vt 0.756207 0.450494
vt 0.175594 0.065694
vt 0.106773 0.061985
vt 0.955576 0.479775
vt 0.967333 0.477777
vt 0.943021 0.482051
vt 0.154204 0.933570
vt 0.524856 0.569188
vt 0.523398 0.572534
vt 0.857045 0.711630
vt 0.252004 0.119453
vt 0.871798 0.654657
vt 0.868429 0.605945
vt 0.931574 0.609209
vt 0.000674 0.421697
vt 0.041972 0.437592
vt 0.289840 0.177909
vt 0.238982 0.161832
vt 0.327117 0.780988
vt 0.337511 0.778875
vt 0.335833 0.826766
vt 0.319244 0.781337
vt 0.316936 0.772773
vt 0.010716 0.734933
vt 0.057231 0.735976
vt 0.786996 0.216461
vt 0.789897 0.220964
vt 0.753367 0.215692
vt 0.751395 0.209323
vt 0.811974 0.210141
vt 0.787674 0.937741
vt 0.817217 0.280714
vt 0.751609 0.281540
vt 0.008896 0.616569
vt 0.007471 0.608872
vt 0.473920 0.766210
vt 0.688690 0.919585
vt 0.700068 0.917894
vt 0.652174 0.687259
vt 0.646224 0.754477
vt 0.671842 0.688984
vt 0.510220 0.689697
vt 0.850428 0.208666
vt 0.841224 0.194944
vt 0.851847 0.197332
vt 0.179415 0.832022
vt 0.150119 0.821106
vt 0.425408 0.173121
vt 0.448595 0.119256
vt 0.448595 0.177569
vt 0.759444 0.370488
vt 0.732455 0.371132
vt 0.755481 0.315974
vt 0.339896 0.870579
vt 0.354258 0.850515
vt 0.391065 0.892693
vt 0.079439 0.283523
vt 0.719173 0.738698
vt 0.402815 0.741668
vt 0.801862 0.893209
vt 0.848124 0.890075
vt 0.801942 0.923137
vt 0.710062 0.436179
vt 0.244606 0.619366
vt 0.800499 0.784386
vt 0.805944 0.816546
vt 0.375039 0.681341
vt 0.356602 0.714149
vt 0.377386 0.717284
vt 0.373444 0.613681
vt 0.792649 0.519171
vt 0.202300 0.668735
vt 0.586352 0.660688
vt 0.576788 0.733055
vt 0.516995 0.246557
vt 0.527158 0.254641
vt 0.824165 0.154379
vt 0.833766 0.156497
vt 0.039033 0.556340
vt 0.030152 0.609369
vt 0.138675 0.203565
vt 0.495323 0.069266
vt 0.488818 0.066388
vt 0.985974 0.448591
vt 0.900232 0.716917
vt 0.943188 0.752188
vt 0.896355 0.720100
vt 0.378688 0.930997
vt 0.951942 0.747633
vt 0.902599 0.712182
vt 0.953337 0.740810
vt 0.665191 0.107447
vt 0.622837 0.109944
vt 0.871648 0.289755
vt 0.920310 0.294360
vt 0.865330 0.233071
vt 0.850817 0.294028
vt 0.277673 0.556697
vt 0.271758 0.525605
vt 0.281045 0.580308
vt 0.510764 0.614351
vt 0.360600 0.205703
vt 0.939770 0.799743
vt 0.496334 0.768555
vt 0.513042 0.742230
vt 0.370871 0.563153
vt 0.000461 0.226534
vt 0.902420 0.309263
vt 0.916399 0.312809
vt 0.916466 0.319781
vt 0.693422 0.809304
vt 0.684790 0.808633
vt 0.003807 0.064502
vt 0.721047 0.095136
vt 0.706044 0.027334
vt 0.597374 0.167624
vt 0.746820 0.829463
vt 0.257545 0.489565
vt 0.130087 0.673341
vt 0.579389 0.791993
vt 0.529631 0.818427
vt 0.475164 0.356624
vt 0.845923 0.736683
vt 0.515286 0.374187
vt 0.520302 0.367864
vt 0.841981 0.727896
vt 0.801359 0.558294
vt 0.790629 0.526378
vt 0.743220 0.764091
vt 0.739446 0.768299
vt 0.752987 0.789989
vt 0.744553 0.790905
vt 0.753123 0.750381
vt 0.789093 0.641221
vt 0.801342 0.650670
vt 0.409368 0.412759
vt 0.394130 0.364638
vt 0.450931 0.354350
vt 0.574762 0.488165
vt 0.523747 0.485583
vt 0.529552 0.433735
vt 0.246808 0.018458
vt 0.240594 0.071152
vt 0.184431 0.012475
vt 0.333788 0.427167
vt 0.539901 0.049002
vt 0.152268 0.762725
vt 0.139434 0.758837
vt 0.886318 0.094650
vt 0.889821 0.095115
vt 0.381622 0.939136
vt 0.260384 0.759277
vt 0.277526 0.750909
vt 0.591953 0.783294
vt 0.010128 0.600332
vt 0.886615 0.479072
vt 0.247924 0.003195
vt 0.257007 0.000812
vt 0.257007 0.060747
vt 0.143779 0.560744
vt 0.152765 0.502003
vt 0.198597 0.560744
vt 0.052333 0.059841
vt 0.538430 0.904598
vt 0.540045 0.931223
vt 0.801309 0.744864
vt 0.871051 0.141046
vt 0.637827 0.852286
vt 0.588090 0.884553
vt 0.624742 0.836875
vt 0.599123 0.899297
vt 0.678733 0.803430
vt 0.582976 0.161971
vt 0.589789 0.118993
vt 0.813570 0.216965
vt 0.752609 0.222947
vt 0.436572 0.880529
vt 0.409363 0.852414
vt 0.424408 0.849529
vt 0.400853 0.874755
vt 0.790613 0.522451
vt 0.915413 0.567281
vt 0.766244 0.814030
vt 0.756777 0.804656
vt 0.894431 0.695680
vt 0.906535 0.674648
vt 0.905115 0.695065
vt 0.714329 0.835491
vt 0.735246 0.810739
vt 0.247673 0.626436
vt 0.694704 0.851912
vt 0.818634 0.878976
vt 0.328734 0.477277
vt 0.332093 0.435555
vt 0.060917 0.479859
vt 0.928315 0.564581
vt 0.005995 0.526693
vt 0.354771 0.825087
vt 0.344675 0.826683
vt 0.513856 0.278760
vt 0.492750 0.259332
vt 0.467582 0.301936
vt 0.713071 0.753895
vt 0.809360 0.633294
vt 0.808706 0.616161
vt 0.803095 0.643514
vt 0.648120 0.524313
vt 0.654840 0.512654
vt 0.648921 0.511917
vt 0.874059 0.732953
vt 0.885742 0.731007
vt 0.234404 0.653218
vt 0.210915 0.674492
vt 0.791130 0.619881
vt 0.810742 0.613251
vt 0.117034 0.008233
vt 0.822888 0.217132
vt 0.097411 0.884479
vt 0.068483 0.934572
vt 0.050922 0.921485
vt 0.314760 0.744023
vt 0.834732 0.053477
vt 0.837503 0.094777
vt 0.821536 0.013631
vt 0.852412 0.051968
vt 0.929176 0.782612
vt 0.932406 0.752856
vt 0.979132 0.782704
vt 0.718723 0.254221
vt 0.047022 0.626373
vt 0.467953 0.060672
vt 0.487063 0.062595
vt 0.057571 0.108081
vt 0.067756 0.101558
vt 0.062719 0.116822
vt 0.924844 0.307778
vt 0.931388 0.314770
vt 0.053265 0.101558
vt 0.468516 0.068808
vt 0.761473 0.479881
vt 0.781665 0.715351
vt 0.204340 0.539101
vt 0.234121 0.491274
vt 0.181010 0.770671
vt 0.220328 0.778252
vt 0.529631 0.901862
vt 0.550347 0.924597
vt 0.623927 0.942420
vt 0.570015 0.941998
vt 0.790637 0.956999
vt 0.795104 0.975814
vt 0.823721 0.194065
vt 0.832845 0.194452
vt 0.820370 0.207549
vt 0.299812 0.626496
vt 0.315506 0.696171
vt 0.657042 0.571998
vt 0.678675 0.622673
vt 0.672121 0.623615
vt 0.755827 0.812908
vt 0.379627 0.311672
vt 0.507583 0.395979
vt 0.503067 0.416574
vt 0.492659 0.391680
vt 0.583996 0.278403
vt 0.989505 0.773502
vt 0.136893 0.735323
vt 0.125645 0.724789
vt 0.135761 0.723836
vt 0.125792 0.737795
vt 0.442732 0.284847
vt 0.891840 0.822425
vt 0.565751 0.953953
vt 0.941853 0.829433
vt 0.695304 0.238630
vt 0.726011 0.226516
vt 0.012200 0.689256
vt 0.028507 0.662353
vt 0.034437 0.662693
vt 0.728967 0.217923
vt 0.733639 0.965523
vt 0.350190 0.706098
vt 0.365328 0.710676
vt 0.308866 0.624244
vt 0.705602 0.623405
vt 0.696472 0.623737
vt 0.679690 0.570406
vt 0.493605 0.005014
vt 0.226407 0.234484
vt 0.451255 0.029772
vt 0.370580 0.000839
vt 0.954838 0.315860
vt 0.624196 0.932303
vt 0.637865 0.943209
vt 0.628394 0.944093
vt 0.938423 0.323493
vt 0.633790 0.929684
vt 0.947306 0.307778
vt 0.637518 0.794387
vt 0.925583 0.546196
vt 0.989274 0.544896
vt 0.532520 0.948519
vt 0.531172 0.957937
vt 0.489896 0.125686
vt 0.222206 0.684574
vt 0.241954 0.661923
vt 0.660460 0.870891
vt 0.192117 0.874003
vt 0.496381 0.437826
vt 0.339896 0.943011
vt 0.291857 0.744629
vt 0.282968 0.736226
vt 0.271654 0.741818
vt 0.883811 0.078687
vt 0.476949 0.859623
vt 0.091926 0.639076
vt 0.061753 0.666468
vt 0.728967 0.332005
vt 0.716438 0.289335
vt 0.495009 0.429903
vt 0.084112 0.032710
vt 0.068036 0.032710
vt 0.069792 0.011242
vt 0.283376 0.628477
vt 0.292789 0.603232
vt 0.432100 0.306949
vt 0.300257 0.448515
vt 0.358711 0.755942
vt 0.367147 0.761146
vt 0.228170 0.266115
vt 0.106259 0.329178
vt 0.823676 0.737633
vt 0.039489 0.623827
vt 0.039774 0.625056
vt 0.709818 0.523718
vt 0.453433 0.576939
vt 0.726248 0.271122
vt 0.023787 0.696256
vt 0.723216 0.276318
vt 0.647437 0.939719
vt 0.649669 0.961282
vt 0.187075 0.852299
vt 0.206499 0.587612
vt 0.738432 0.915881
vt 0.053071 0.337705
vt 0.862979 0.164156
vt 0.880872 0.154302
vt 0.729001 0.312751
vt 0.777161 0.985974
vt 0.125606 0.720427
vt 0.493660 0.057054
vt 0.027205 0.036640
vt 0.469387 0.683416
vt 0.455146 0.684988
vt 0.600258 0.668111
vt 0.591381 0.739527
vt 0.612856 0.675558
vt 0.340477 0.740062
vt 0.035230 0.633175
vt 0.759144 0.723950
vt 0.328412 0.371578
vt 0.425127 0.562580
vt 0.412273 0.612342
vt 0.404230 0.561433
vt 0.012313 0.196260
vt 0.002242 0.139586
vt 0.014019 0.136975
vt 0.013011 0.814651
vt 0.013011 0.895944
vt 0.990647 0.563683
vt 0.665194 0.755170
vt 0.717004 0.692279
vt 0.707533 0.759465
vt 0.851506 0.184919
vt 0.841789 0.181219
vt 0.240262 0.645410
vt 0.921888 0.529228
vt 0.902715 0.476461
vt 0.895094 0.729970
vt 0.926435 0.529951
vt 0.368782 0.181932
vt 0.236258 0.829433
vt 0.094765 0.727309
vt 0.384969 0.751786
vt 0.413363 0.716817
vt 0.659342 0.484408
vt 0.944312 0.762731
vt 0.953582 0.765011
vt 0.938966 0.781326
vt 0.424956 0.753996
vt 0.114566 0.649226
vt 0.184175 0.940997
vt 0.149642 0.917287
vt 0.002324 0.673497
vt 0.586444 0.591118
vt 0.540116 0.649528
vt 0.531782 0.591118
vt 0.072287 0.397291
vt 0.845640 0.134271
vt 0.841797 0.725527
vt 0.314757 0.438475
vt 0.146469 0.841122
vt 0.748122 0.924852
vt 0.628738 0.918725
vt 0.146665 0.490435
vt 0.199617 0.490041
vt 0.563080 0.536814
vt 0.353931 0.565575
vt 0.725887 0.967269
vt 0.686360 0.857750
vt 0.434424 0.228276
vt 0.962610 0.955956
vt 0.193737 0.668730
vt 0.905625 0.704430
vt 0.619791 0.243155
vt 0.686599 0.143690
vt 0.855134 0.700918
vt 0.248194 0.652930
vt 0.922890 0.437770
vt 0.829739 0.442754
vt 0.414508 0.810444
vt 0.585317 0.067286
vt 0.364487 0.830332
vt 0.665998 0.540964
vt 0.686491 0.256111
vt 0.150665 0.830045
vt 0.276799 0.730772
vt 0.971956 0.306072
vt 0.064876 0.000559
vt 0.674274 0.433415
vt 0.865068 0.051982
vt 0.837920 0.010438
vt 0.150551 0.962892
vt 0.781536 0.069464
vt 0.194420 0.439924
vt 0.158586 0.650635
vt 0.002242 0.083244
vt 0.031011 0.908199
vt 0.801726 0.470313
vt 0.807192 0.465999
vt 0.287155 0.448595
vt 0.718099 0.695620
vt 0.603734 0.745066
vt 0.626163 0.957937
vt 0.629668 0.353106
vt 0.668981 0.917894
vt 0.024876 0.178744
vt 0.607478 0.406260
vt 0.984954 0.778371
vt 0.674392 0.965947
vt 0.093779 0.721537
vt 0.518170 0.562429
vt 0.710173 0.141454
vt 0.848192 0.423506
vt 0.448595 0.796912
vt 0.889720 0.797260
vt 0.725257 0.126533
vt 0.660178 0.896185
vt 0.925225 0.329004
vt 0.910730 0.329102
vt 0.575501 0.776068
vt 0.227895 0.443565
vt 0.250112 0.445709
vt 0.495490 0.857396
vt 0.740966 0.650156
vt 0.785041 0.657740
vt 0.846014 0.233920
vt 0.664936 0.808065
s 1
g Meshy_AI_Feliz_Cumple_Cristoba_0724031245_texture_Material.004
usemtl Material.004
f 1/1/1 2/2/2 3/3/3
f 1/1/1 3/3/3 4/4/4
f 1/1/1 5/5/5 2/2/2
f 1/1/1 4/4/4 6/6/6
f 1/1/1 6/6/6 5/5/5
f 7/7/7 311/8/8 707/9/9
f 7/10/7 589/11/10 8/12/11
f 7/10/7 707/13/9 589/11/10
f 7/7/7 8/14/11 9/15/12
f 7/7/7 9/15/12 311/8/8
f 10/16/13 12/17/14 11/18/15
f 10/19/13 105/20/16 12/21/14
f 10/19/13 13/22/17 14/23/18
f 10/19/13 11/24/15 15/25/19
f 10/19/13 15/25/19 13/22/17
f 10/19/13 14/23/18 105/20/16
f 16/26/20 394/27/21 17/28/22
f 16/26/20 18/29/23 19/30/24
f 16/26/20 17/28/22 20/31/25
f 16/26/20 19/30/24 21/32/26
f 16/26/20 20/31/25 18/29/23
f 16/26/20 21/32/26 394/27/21
f 22/33/27 713/34/28 23/35/29
f 22/33/27 24/36/30 350/37/31
f 22/33/27 25/38/32 26/39/33
f 22/33/27 23/35/29 25/38/32
f 22/33/27 26/39/33 24/36/30
f 22/33/27 350/37/31 713/34/28
f 27/40/34 28/41/35 29/42/36
f 27/40/34 30/43/37 31/44/38
f 27/40/34 31/44/38 414/45/39
f 27/40/34 414/45/39 28/41/35
f 27/40/34 29/42/36 32/46/40
f 27/40/34 32/46/40 30/43/37
f 33/47/41 34/48/42 38/49/43
f 33/50/41 35/51/44 36/52/45
f 33/50/41 36/52/45 37/53/46
f 33/50/41 38/54/43 35/51/44
f 33/50/41 37/53/46 39/55/47
f 33/47/41 39/56/47 34/48/42
f 40/57/48 310/58/49 312/59/50
f 40/57/48 41/60/51 1049/61/52
f 40/57/48 1049/61/52 313/62/53
f 40/57/48 312/59/50 42/63/54
f 40/57/48 313/62/53 310/58/49
f 40/57/48 42/63/54 41/60/51
f 46/64/55 43/65/56 44/66/57
f 46/64/55 45/67/58 43/65/56
f 46/68/55 938/69/59 47/70/60
f 46/64/55 47/71/60 45/67/58
f 46/68/55 48/72/61 938/69/59
f 46/64/55 44/66/57 48/73/61
f 49/74/62 50/75/63 51/76/64
f 49/74/62 51/76/64 52/77/65
f 49/74/62 53/78/66 50/75/63
f 49/74/62 52/77/65 53/78/66
f 54/79/67 55/80/68 56/81/69
f 54/79/67 57/82/70 58/83/71
f 54/79/67 58/83/71 59/84/72
f 54/79/67 60/85/73 57/82/70
f 54/79/67 59/84/72 55/80/68
f 54/79/67 56/81/69 60/85/73
f 61/86/74 62/87/75 437/88/76
f 61/86/74 63/89/77 62/87/75
f 61/86/74 64/90/78 63/89/77
f 61/86/74 437/88/76 65/91/79
f 61/86/74 1154/92/80 64/90/78
f 61/86/74 65/91/79 1154/92/80
f 66/93/81 67/94/82 990/95/83
f 66/93/81 68/96/84 69/97/85
f 66/93/81 990/95/83 70/98/86
f 66/93/81 71/99/87 68/96/84
f 66/93/81 70/98/86 71/99/87
f 66/93/81 69/97/85 67/94/82
f 72/100/88 73/101/89 74/102/90
f 72/100/88 1040/103/91 75/104/92
f 72/100/88 74/102/90 76/105/93
f 72/100/88 75/104/92 77/106/94
f 72/100/88 77/106/94 73/101/89
f 72/100/88 76/105/93 1040/103/91
f 78/107/95 79/108/96 435/109/97
f 78/110/95 63/111/77 1006/112/98
f 78/110/95 1006/112/98 80/113/99
f 78/107/95 80/114/99 79/108/96
f 78/107/95 435/109/97 63/115/77
f 81/116/100 82/117/101 83/118/102
f 81/116/100 83/118/102 84/119/103
f 81/116/100 85/120/104 86/121/105
f 81/116/100 86/121/105 82/117/101
f 81/116/100 84/119/103 87/122/106
f 81/116/100 87/122/106 85/120/104
f 88/123/107 89/124/108 90/125/109
f 88/123/107 90/125/109 91/126/110
f 88/123/107 92/127/111 93/128/112
f 88/123/107 93/128/112 94/129/113
f 88/123/107 91/126/110 92/127/111
f 88/123/107 94/129/113 89/124/108
f 95/130/114 96/131/115 97/132/116
f 95/130/114 98/133/117 100/134/118
f 95/135/114 99/136/119 96/137/115
f 95/130/114 97/132/116 98/133/117
f 95/135/114 102/138/120 99/136/119
f 95/139/114 100/140/118 101/141/121
f 95/139/114 324/142/122 102/143/120
f 95/139/114 101/141/121 324/142/122
f 103/144/123 104/145/124 105/146/16
f 103/147/123 105/20/16 106/148/125
f 103/144/123 107/149/126 108/150/127
f 103/144/123 108/150/127 104/145/124
f 103/144/123 106/151/125 109/152/128
f 103/144/123 109/152/128 107/149/126
f 113/153/129 110/154/130 20/31/25
f 113/153/129 111/155/131 912/156/132
f 113/153/129 912/156/132 112/157/133
f 113/153/129 20/31/25 111/155/131
f 113/153/129 1077/158/134 110/154/130
f 113/159/129 112/160/133 1077/161/134
f 114/162/135 115/163/136 116/164/137
f 114/162/135 117/165/138 118/166/139
f 114/162/135 737/167/140 119/168/141
f 114/162/135 116/164/137 117/165/138
f 114/162/135 119/168/141 115/163/136
f 114/162/135 118/166/139 737/167/140
f 120/169/142 121/170/143 122/171/144
f 120/169/142 123/172/145 124/173/146
f 120/169/142 125/174/147 123/172/145
f 120/169/142 126/175/148 127/176/149
f 120/169/142 124/173/146 121/170/143
f 120/169/142 127/176/149 128/177/150
f 120/169/142 122/171/144 126/175/148
f 120/169/142 128/177/150 125/174/147
f 129/178/151 130/179/152 963/180/153
f 129/178/151 131/181/154 132/182/155
f 129/178/151 133/183/156 131/181/154
f 129/178/151 132/182/155 134/184/157
f 129/178/151 135/185/158 130/179/152
f 129/178/151 134/184/157 135/185/158
f 129/178/151 963/180/153 133/183/156
f 136/186/159 137/187/160 138/188/161
f 136/186/159 139/189/162 140/190/163
f 136/186/159 141/191/164 142/192/165
f 136/186/159 140/190/163 141/191/164
f 136/186/159 138/188/161 139/189/162
f 136/186/159 142/192/165 137/187/160
f 143/193/166 423/194/167 144/195/168
f 143/193/166 145/196/169 146/197/170
f 143/193/166 147/198/171 240/199/172
f 143/193/166 148/200/173 147/198/171
f 143/193/166 144/195/168 145/196/169
f 143/193/166 240/199/172 149/201/174
f 143/193/166 149/201/174 423/194/167
f 143/193/166 146/197/170 148/200/173
f 152/202/175 150/203/176 151/204/177
f 152/205/175 153/206/178 154/207/179
f 152/202/175 151/204/177 153/208/178
f 152/202/175 155/209/180 150/203/176
f 152/202/175 156/210/181 155/209/180
f 152/211/175 154/212/179 156/213/181
f 157/214/182 428/215/183 158/216/184
f 157/214/182 159/217/185 160/218/186
f 157/214/182 881/219/187 159/217/185
f 157/214/182 158/216/184 1101/220/188
f 157/214/182 1101/220/188 881/219/187
f 157/214/182 160/218/186 428/215/183
f 162/221/189 161/222/190 166/223/191
f 162/224/189 163/225/192 164/226/193
f 162/221/189 165/227/194 161/222/190
f 162/224/189 1071/228/195 163/225/192
f 162/224/189 166/229/191 1071/228/195
f 162/221/189 164/230/193 165/227/194
f 167/231/196 168/232/197 169/233/198
f 167/231/196 796/234/199 799/235/200
f 167/231/196 170/236/201 171/237/202
f 167/231/196 799/235/200 170/236/201
f 167/231/196 169/233/198 796/234/199
f 167/231/196 171/237/202 168/232/197
f 172/238/203 402/239/204 173/240/205
f 172/241/203 173/242/205 174/243/206
f 172/238/203 174/244/206 175/245/207
f 172/238/203 176/246/208 402/239/204
f 172/238/203 175/245/207 176/246/208
f 177/247/209 806/248/210 178/249/211
f 177/247/209 179/250/212 806/248/210
f 177/247/209 180/251/213 181/252/214
f 177/247/209 178/249/211 182/253/215
f 177/247/209 181/252/214 179/250/212
f 177/247/209 182/253/215 180/251/213
f 184/254/216 188/255/217 183/256/218
f 184/257/216 185/258/219 186/259/220
f 184/254/216 183/256/218 189/260/221
f 184/257/216 187/261/222 188/262/217
f 184/257/216 189/263/221 185/258/219
f 184/257/216 186/259/220 187/261/222
f 190/264/223 192/265/224 194/266/225
f 190/267/223 191/268/226 192/269/224
f 190/267/223 193/270/227 191/268/226
f 190/267/223 194/271/225 195/272/228
f 190/267/223 196/273/229 193/270/227
f 190/267/223 195/272/228 196/273/229
f 197/274/230 198/275/231 199/276/232
f 197/274/230 199/276/232 200/277/233
f 197/278/230 203/279/234 201/280/235
f 197/281/230 200/282/233 202/283/236
f 197/281/230 202/283/236 203/284/234
f 197/274/230 201/285/235 198/275/231
f 204/286/237 680/287/238 205/288/239
f 204/286/237 205/288/239 512/289/240
f 204/290/237 1083/291/241 206/292/242
f 204/286/237 207/293/243 56/81/69
f 204/286/237 512/289/240 207/293/243
f 204/290/237 206/292/242 680/294/238
f 204/286/237 56/81/69 1083/295/241
f 208/296/244 209/297/245 210/298/246
f 208/299/244 211/300/247 212/301/248
f 208/299/244 212/301/248 213/302/249
f 208/299/244 210/303/246 211/300/247
f 208/296/244 214/304/250 209/297/245
f 208/299/244 213/302/249 214/305/250
f 215/306/251 216/307/252 217/308/253
f 215/306/251 218/309/254 216/307/252
f 215/310/251 219/311/255 929/312/256
f 215/310/251 929/312/256 220/313/257
f 215/306/251 220/314/257 218/309/254
f 215/306/251 217/308/253 219/315/255
f 121/170/143 124/173/146 221/316/258
f 121/170/143 221/316/258 122/171/144
f 226/317/259 222/318/260 223/319/261
f 226/317/259 224/320/262 222/318/260
f 226/317/259 223/319/261 225/321/263
f 226/322/259 227/323/264 224/324/262
f 226/317/259 225/321/263 228/325/265
f 226/322/259 228/326/265 227/323/264
f 229/327/266 230/328/267 231/329/268
f 229/327/266 85/120/104 87/122/106
f 229/327/266 232/330/269 85/120/104
f 229/327/266 233/331/270 232/330/269
f 229/327/266 87/122/106 230/328/267
f 229/327/266 231/329/268 234/332/271
f 229/327/266 234/332/271 233/331/270
f 235/333/272 236/334/273 237/335/274
f 235/336/272 238/337/275 239/338/276
f 235/333/272 147/198/171 236/334/273
f 235/336/272 239/338/276 240/339/172
f 235/336/272 237/340/274 238/337/275
f 235/333/272 240/199/172 147/198/171
f 241/341/277 242/342/278 243/343/279
f 241/341/277 243/343/279 698/344/280
f 241/341/277 698/344/280 244/345/281
f 241/341/277 244/345/281 245/346/282
f 241/341/277 245/346/282 246/347/283
f 241/341/277 246/347/283 242/342/278
f 247/348/284 248/349/285 249/350/286
f 247/348/284 595/351/287 250/352/288
f 247/348/284 249/350/286 595/351/287
f 247/348/284 251/353/289 248/349/285
f 247/348/284 252/354/290 251/353/289
f 247/348/284 250/352/288 252/354/290
f 253/355/291 849/356/292 254/357/293
f 253/355/291 255/358/294 258/359/295
f 253/355/291 254/357/293 256/360/296
f 253/361/291 257/362/297 849/363/292
f 253/355/291 256/360/296 255/358/294
f 253/361/291 258/364/295 257/362/297
f 259/365/298 260/366/299 686/367/300
f 259/368/298 261/369/301 998/370/302
f 259/368/298 998/370/302 959/371/303
f 259/365/298 686/367/300 261/372/301
f 259/365/298 262/373/304 260/366/299
f 259/368/298 959/371/303 262/374/304
f 263/375/305 649/376/306 264/377/307
f 263/375/305 265/378/308 266/379/309
f 263/380/305 266/381/309 267/382/310
f 263/375/305 264/377/307 268/383/311
f 263/375/305 267/384/310 649/376/306
f 263/375/305 268/383/311 265/378/308
f 269/385/312 499/386/313 501/387/314
f 269/385/312 270/388/315 271/389/316
f 269/385/312 502/390/317 499/386/313
f 269/385/312 501/387/314 270/388/315
f 269/385/312 272/391/318 502/390/317
f 269/385/312 271/389/316 272/391/318
f 273/392/319 274/393/320 829/394/321
f 273/392/319 275/395/322 276/396/323
f 273/397/324 829/398/324 275/399/324
f 273/392/319 277/400/325 274/393/320
f 273/392/319 276/396/323 277/400/325
f 278/401/326 279/402/327 832/403/328
f 278/401/326 832/403/328 191/268/226
f 278/401/326 191/268/226 193/270/227
f 278/401/326 792/404/329 1065/405/330
f 278/401/326 193/270/227 792/404/329
f 278/401/326 1065/405/330 279/402/327
f 284/406/331 280/407/332 281/408/333
f 284/406/331 1082/409/334 285/410/335
f 284/406/331 281/408/333 282/411/336
f 284/406/331 283/412/337 280/407/332
f 284/413/331 285/414/335 283/415/337
f 284/406/331 282/411/336 1082/409/334
f 286/416/338 404/417/339 287/418/340
f 286/416/338 667/419/341 404/417/339
f 286/416/338 730/420/342 288/421/343
f 286/416/338 288/421/343 667/419/341
f 286/416/338 287/418/340 289/422/344
f 286/416/338 289/422/344 730/420/342
f 161/222/190 165/227/194 290/423/345
f 161/222/190 290/423/345 291/424/346
f 161/222/190 291/424/346 166/223/191
f 292/425/347 293/426/348 294/427/349
f 292/425/347 294/427/349 888/428/350
f 292/425/347 888/428/350 295/429/351
f 292/425/347 296/430/352 293/426/348
f 292/425/347 295/429/351 296/430/352
f 299/431/353 297/432/354 298/433/355
f 299/434/353 300/435/356 297/436/354
f 299/431/353 298/433/355 301/437/357
f 299/434/353 301/438/357 300/435/356
f 302/439/358 303/440/359 304/441/360
f 302/442/358 304/443/360 305/444/361
f 302/439/358 306/445/362 307/446/363
f 302/439/358 308/447/364 309/448/365
f 302/442/358 305/444/361 306/449/362
f 302/439/358 309/448/365 303/440/359
f 302/439/358 307/446/363 308/447/364
f 310/450/49 311/451/8 312/452/50
f 310/450/49 460/453/366 311/451/8
f 310/450/49 313/454/53 460/453/366
f 314/455/367 315/456/368 316/457/369
f 314/458/367 317/459/370 318/460/371
f 314/458/367 319/461/372 317/459/370
f 314/455/367 320/462/373 315/456/368
f 314/455/367 318/463/371 320/462/373
f 314/455/367 316/457/369 319/464/372
f 323/465/374 321/466/375 322/467/376
f 323/468/374 102/138/120 324/469/122
f 323/470/374 322/471/376 325/472/377
f 323/465/374 324/142/122 321/466/375
f 323/468/374 326/473/378 453/474/379
f 323/470/374 325/472/377 326/475/378
f 323/468/374 453/474/379 102/138/120
f 327/476/380 328/477/381 329/478/382
f 327/476/380 329/478/382 330/479/383
f 327/476/380 693/480/384 328/477/381
f 327/476/380 107/149/126 109/152/128
f 327/476/380 109/152/128 693/480/384
f 327/476/380 330/479/383 107/149/126
f 331/481/385 332/482/386 335/483/387
f 331/484/385 333/485/388 336/486/389
f 331/481/385 334/487/390 332/482/386
f 331/484/385 335/488/387 333/485/388
f 331/481/385 336/489/389 1126/490/391
f 331/481/385 1126/490/391 334/487/390
f 337/491/392 583/492/393 338/493/394
f 337/491/392 338/493/394 339/494/395
f 337/491/392 340/495/396 341/496/397
f 337/491/392 341/496/397 583/492/393
f 337/491/392 339/494/395 342/497/398
f 337/491/392 342/497/398 340/495/396
f 343/498/399 344/499/400 492/500/401
f 343/501/399 346/502/402 345/503/403
f 343/498/399 1161/504/404 346/505/402
f 343/498/399 347/506/405 344/499/400
f 343/498/399 492/500/401 1161/504/404
f 343/501/399 345/503/403 347/507/405
f 348/508/406 349/509/407 350/510/31
f 348/508/406 351/511/408 349/509/407
f 348/508/406 411/512/409 352/513/410
f 348/508/406 352/513/410 353/514/411
f 348/508/406 353/514/411 351/511/408
f 348/508/406 350/510/31 411/512/409
f 354/515/412 355/516/413 356/517/414
f 354/515/412 1062/518/415 355/516/413
f 354/515/412 356/517/414 974/519/416
f 354/515/412 357/520/417 993/521/418
f 354/515/412 974/519/416 357/520/417
f 354/515/412 993/521/418 1062/518/415
f 358/522/419 89/124/108 359/523/420
f 358/522/419 359/523/420 360/524/421
f 358/522/419 90/125/109 89/124/108
f 358/522/419 360/524/421 361/525/422
f 358/522/419 362/526/423 90/125/109
f 358/522/419 361/525/422 362/526/423
f 363/527/424 364/528/425 434/529/426
f 363/527/424 365/530/427 366/531/428
f 363/527/424 434/529/426 365/530/427
f 363/527/424 366/531/428 691/532/429
f 363/527/424 689/533/430 364/528/425
f 363/527/424 691/532/429 689/533/430
f 367/534/431 753/535/432 368/536/433
f 367/534/431 368/536/433 369/537/434
f 367/534/431 369/537/434 370/538/435
f 367/534/431 562/539/436 371/540/437
f 367/534/431 371/540/437 753/535/432
f 367/534/431 370/538/435 562/539/436
f 375/541/438 372/542/439 373/543/440
f 375/541/438 373/543/440 374/544/441
f 375/545/438 376/546/442 372/547/439
f 375/545/438 1000/548/443 377/549/444
f 375/545/438 377/549/444 376/546/442
f 375/541/438 374/544/441 1000/550/443
f 378/551/445 379/552/446 1148/553/447
f 378/554/445 381/555/448 180/251/213
f 378/554/445 180/251/213 182/253/215
f 378/554/445 182/253/215 379/556/446
f 378/551/445 380/557/449 381/558/448
f 378/551/445 1148/553/447 380/557/449
f 242/342/278 382/559/450 383/560/451
f 242/342/278 287/418/340 382/559/450
f 242/342/278 383/560/451 243/343/279
f 242/342/278 246/347/283 287/418/340
f 384/561/452 385/562/453 386/563/454
f 384/561/452 387/564/455 225/321/263
f 384/561/452 386/563/454 387/564/455
f 384/561/452 225/321/263 388/565/456
f 384/561/452 388/565/456 385/562/453
f 392/566/457 394/27/21 21/32/26
f 392/567/458 389/568/459 393/569/460
f 392/570/461 390/571/461 391/572/461
f 392/566/457 21/32/26 390/573/462
f 392/574/463 393/575/463 394/576/463
f 392/567/458 391/577/464 389/568/459
f 397/578/465 395/579/466 67/580/82
f 397/578/465 399/581/467 396/582/468
f 397/578/465 396/582/468 395/579/466
f 397/583/465 67/94/82 69/97/85
f 397/583/465 398/584/469 399/585/467
f 397/583/465 69/97/85 398/584/469
f 402/586/204 400/587/470 664/588/471
f 402/589/472 401/590/472 403/591/472
f 402/586/204 664/588/471 401/592/473
f 402/586/204 176/593/208 400/587/470
f 402/594/204 403/595/474 173/242/205
f 404/417/339 667/419/341 405/596/475
f 404/417/339 936/597/476 287/418/340
f 404/598/339 884/599/477 936/600/476
f 404/598/339 405/601/475 884/599/477
f 406/602/478 407/603/479 408/604/480
f 406/602/478 408/604/480 1155/605/481
f 406/602/478 100/134/118 407/603/479
f 406/602/478 1155/605/481 100/134/118
f 409/606/482 294/607/349 673/608/483
f 409/606/482 24/36/30 26/39/33
f 409/606/482 410/609/484 294/607/349
f 409/606/482 673/608/483 411/610/409
f 409/606/482 411/610/409 24/36/30
f 409/606/482 26/39/33 410/609/484
f 415/611/485 412/612/486 413/613/487
f 415/611/485 413/613/487 414/614/39
f 415/615/485 31/44/38 416/616/488
f 415/615/485 414/45/39 31/44/38
f 415/615/485 416/616/488 412/617/486
f 115/163/136 417/618/489 418/619/490
f 115/163/136 119/168/141 417/618/489
f 115/163/136 418/619/490 679/620/491
f 115/163/136 679/620/491 116/164/137
f 419/621/492 420/622/493 421/623/494
f 419/621/492 41/624/51 42/625/54
f 419/621/492 1072/626/495 420/622/493
f 419/621/492 422/627/496 41/624/51
f 419/621/492 421/623/494 422/627/496
f 419/621/492 42/625/54 1072/626/495
f 423/194/167 426/628/497 144/195/168
f 423/629/167 424/630/498 425/631/499
f 423/629/167 425/631/499 426/632/497
f 423/629/167 149/633/174 424/630/498
f 150/634/176 427/635/500 1152/636/501
f 150/203/176 155/209/180 427/637/500
f 150/634/176 1152/636/501 1036/638/502
f 150/634/176 1036/638/502 151/639/177
f 428/215/183 573/640/503 158/216/184
f 428/215/183 430/641/504 573/640/503
f 428/215/183 160/218/186 429/642/505
f 428/643/183 429/644/505 430/645/504
f 163/225/192 431/646/506 432/647/507
f 163/225/192 1071/228/195 433/648/508
f 163/225/192 434/649/426 164/226/193
f 163/225/192 432/647/507 434/649/426
f 163/225/192 433/648/508 431/646/506
f 62/650/75 63/651/77 435/652/97
f 62/650/75 1109/653/509 436/654/510
f 62/650/75 436/654/510 437/655/76
f 62/650/75 435/652/97 1109/653/509
f 438/656/511 939/657/512 941/658/513
f 438/656/511 264/377/307 439/659/514
f 438/656/511 439/659/514 939/657/512
f 438/656/511 941/658/513 268/383/311
f 438/656/511 268/383/311 264/377/307
f 12/660/14 104/145/124 440/661/515
f 12/660/14 105/146/16 104/145/124
f 12/17/14 441/662/516 11/18/15
f 12/660/14 440/661/515 441/663/516
f 394/664/21 393/569/460 214/304/250
f 394/665/21 214/666/250 17/667/22
f 442/668/517 1002/669/518 443/670/519
f 442/668/517 781/671/520 1002/669/518
f 442/672/517 443/673/519 445/674/521
f 442/675/517 444/676/522 782/677/523
f 442/675/517 445/678/521 444/676/522
f 442/675/517 782/677/523 781/679/520
f 448/680/524 446/681/525 447/682/526
f 448/680/524 961/683/527 452/684/528
f 448/685/524 976/686/529 449/687/530
f 448/685/524 450/688/531 453/474/379
f 448/685/524 451/689/532 450/688/531
f 448/685/524 449/687/530 451/689/532
f 448/680/524 447/682/526 961/683/527
f 448/685/524 452/690/528 976/686/529
f 448/680/524 326/475/378 446/681/525
f 448/680/524 453/691/379 326/475/378
f 454/692/533 455/693/534 456/694/535
f 454/692/533 457/695/536 458/696/537
f 454/692/533 727/697/538 457/695/536
f 454/692/533 459/698/539 455/693/534
f 454/692/533 456/694/535 728/699/540
f 454/692/533 458/696/537 459/698/539
f 454/692/533 728/699/540 727/697/538
f 311/8/8 460/700/366 707/9/9
f 311/451/8 9/701/12 312/452/50
f 461/702/541 462/703/542 463/704/543
f 461/702/541 463/704/543 740/705/544
f 461/702/541 464/706/545 462/703/542
f 461/702/541 740/705/544 465/707/546
f 461/702/541 466/708/547 464/706/545
f 461/702/541 465/707/546 466/708/547
f 467/709/548 123/172/145 125/174/147
f 467/709/548 125/174/147 468/710/549
f 467/709/548 469/711/550 124/173/146
f 467/709/548 124/173/146 123/172/145
f 467/709/548 468/710/549 470/712/551
f 467/709/548 470/712/551 469/711/550
f 471/713/552 475/714/553 472/715/554
f 471/716/552 473/717/555 474/718/556
f 471/716/552 474/718/556 475/719/553
f 471/716/552 472/720/554 1159/721/557
f 471/716/552 476/722/558 473/717/555
f 471/716/552 1159/721/557 476/722/558
f 477/723/559 478/724/560 479/725/561
f 477/723/559 479/725/561 480/726/562
f 477/723/559 141/191/164 481/727/563
f 477/723/559 481/727/563 478/724/560
f 477/723/559 480/726/562 141/191/164
f 482/728/564 483/729/565 892/730/566
f 482/728/564 892/730/566 484/731/567
f 482/728/564 484/731/567 704/732/568
f 482/728/564 704/732/568 483/729/565
f 485/733/569 564/734/570 486/735/571
f 485/736/569 486/737/571 245/738/282
f 485/733/569 334/487/390 1126/490/391
f 485/736/569 244/739/281 334/740/390
f 485/736/569 245/738/282 244/739/281
f 485/733/569 1126/490/391 564/734/570
f 487/741/572 488/742/573 489/743/574
f 487/744/572 490/745/575 387/746/455
f 487/741/572 491/747/576 492/748/401
f 487/744/572 387/746/455 386/749/454
f 487/741/572 386/750/454 488/742/573
f 487/744/572 492/751/401 490/745/575
f 487/741/572 489/743/574 491/747/576
f 493/752/577 498/753/578 494/754/579
f 493/755/577 495/756/580 496/757/581
f 493/755/577 496/757/581 497/758/582
f 493/755/577 497/758/582 1157/759/583
f 493/755/577 494/760/579 495/756/580
f 493/755/577 1157/759/583 498/761/578
f 499/762/313 500/763/584 501/764/314
f 499/765/313 502/766/317 503/767/585
f 499/762/313 1131/768/586 500/763/584
f 499/762/313 503/769/585 1131/768/586
f 504/770/587 505/771/588 506/772/589
f 504/770/587 507/773/590 508/774/591
f 504/770/587 509/775/592 505/771/588
f 504/770/587 506/772/589 507/773/590
f 504/770/587 508/774/591 509/775/592
f 510/776/593 511/777/594 178/249/211
f 510/778/593 207/293/243 512/289/240
f 510/776/593 512/779/240 511/777/594
f 510/778/593 514/780/595 513/781/596
f 510/778/593 513/781/596 207/293/243
f 510/776/593 178/249/211 514/782/595
f 515/783/597 1010/784/598 277/400/325
f 515/783/597 277/400/325 276/396/323
f 515/783/597 516/785/599 517/786/600
f 515/783/597 276/396/323 516/785/599
f 515/783/597 517/786/600 1010/784/598
f 520/787/601 518/788/602 519/789/603
f 520/790/601 521/791/604 522/792/605
f 520/787/601 523/793/606 210/303/246
f 520/790/601 210/298/246 521/791/604
f 520/787/601 519/789/603 523/793/606
f 520/790/601 522/792/605 518/794/602
f 524/795/607 909/796/608 525/797/609
f 524/798/607 526/799/610 527/800/611
f 524/798/607 528/801/612 529/802/613
f 524/798/607 529/802/613 526/799/610
f 524/795/607 527/803/611 909/796/608
f 524/798/607 525/804/609 528/801/612
f 328/477/381 532/805/614 530/806/615
f 328/477/381 693/480/384 531/807/616
f 328/477/381 530/806/615 329/478/382
f 328/808/381 531/809/616 532/810/614
f 533/811/617 283/415/337 285/414/335
f 533/812/617 534/813/618 535/814/619
f 533/812/617 983/815/620 1095/816/621
f 533/811/617 285/414/335 534/817/618
f 533/811/617 1095/818/621 283/415/337
f 533/812/617 535/814/619 983/815/620
f 538/819/622 238/337/275 536/820/623
f 538/821/622 539/822/624 537/823/625
f 538/819/622 537/824/625 238/337/275
f 538/825/622 540/826/626 539/827/624
f 538/819/622 536/820/623 762/828/627
f 538/819/622 762/828/627 540/829/626
f 541/830/628 542/831/629 543/832/630
f 541/833/628 544/834/631 545/835/632
f 541/830/628 545/836/632 1130/837/633
f 541/833/628 543/838/630 546/839/634
f 541/830/628 1130/837/633 542/831/629
f 541/833/628 546/839/634 544/834/631
f 222/318/260 224/320/262 134/840/157
f 222/318/260 547/841/635 353/514/411
f 222/318/260 548/842/636 223/319/261
f 222/318/260 134/840/157 547/841/635
f 222/318/260 353/514/411 548/842/636
f 549/843/637 550/844/638 356/845/414
f 549/843/637 356/845/414 551/846/639
f 549/843/637 333/485/388 550/844/638
f 549/843/637 1124/847/640 552/848/641
f 549/843/637 551/846/639 1124/847/640
f 549/843/637 552/848/641 333/485/388
f 556/849/642 557/850/643 975/851/644
f 556/849/642 975/851/644 553/852/645
f 556/849/642 554/853/646 444/676/522
f 556/849/642 444/676/522 555/854/647
f 556/849/642 553/852/645 554/853/646
f 556/855/642 555/856/647 557/857/643
f 321/466/375 558/858/648 322/467/376
f 321/466/375 324/142/122 558/858/648
f 559/859/649 455/860/534 459/861/539
f 559/859/649 560/862/650 455/860/534
f 559/859/649 561/863/651 562/864/436
f 559/859/649 459/861/539 309/448/365
f 559/859/649 562/864/436 560/862/650
f 559/859/649 309/448/365 561/863/651
f 564/734/570 563/865/652 486/735/571
f 564/866/570 566/867/653 565/868/654
f 564/869/570 565/870/654 563/871/652
f 564/734/570 1126/490/391 566/872/653
f 500/763/584 567/873/655 501/764/314
f 500/763/584 621/874/656 567/873/655
f 500/763/584 1131/768/586 568/875/657
f 500/763/584 568/875/657 621/874/656
f 505/771/588 569/876/658 506/772/589
f 505/771/588 570/877/659 571/878/660
f 505/771/588 571/878/660 569/876/658
f 505/771/588 509/775/592 570/877/659
f 572/879/661 592/880/662 573/881/503
f 572/879/661 574/882/663 575/883/664
f 572/879/661 573/881/503 430/645/504
f 572/879/661 575/883/664 592/880/662
f 572/879/661 430/645/504 900/884/665
f 572/879/661 900/884/665 574/882/663
f 576/885/666 577/886/667 578/887/668
f 576/885/666 579/888/669 577/886/667
f 576/885/666 580/889/670 495/756/580
f 576/885/666 578/887/668 581/890/671
f 576/885/666 581/890/671 580/889/670
f 576/885/666 495/756/580 579/888/669
f 582/891/672 583/892/393 584/893/673
f 582/894/672 585/895/674 583/492/393
f 582/891/672 586/896/675 587/897/676
f 582/894/672 1151/898/677 585/895/674
f 582/894/672 587/899/676 1151/898/677
f 582/891/672 584/893/673 586/896/675
f 589/11/10 707/13/9 588/900/678
f 589/901/10 847/902/679 590/903/680
f 589/901/10 588/904/678 847/902/679
f 589/11/10 590/905/680 8/12/11
f 591/906/681 592/907/662 596/908/682
f 591/909/681 631/910/683 593/911/684
f 591/906/681 594/912/685 592/907/662
f 591/906/681 595/913/287 594/912/685
f 591/909/681 596/914/682 631/910/683
f 591/906/681 593/915/684 595/913/287
f 597/916/686 694/917/687 709/918/688
f 597/916/686 598/919/689 710/920/690
f 597/916/686 709/918/688 598/919/689
f 597/916/686 710/920/690 599/921/691
f 597/916/686 599/921/691 535/922/619
f 597/916/686 535/922/619 694/917/687
f 315/456/368 600/923/692 316/457/369
f 315/456/368 601/924/693 600/923/692
f 315/456/368 320/462/373 171/237/202
f 315/456/368 171/237/202 601/924/693
f 602/925/694 603/926/695 453/474/379
f 602/925/694 450/688/531 604/927/696
f 602/925/694 605/928/697 603/926/695
f 602/925/694 604/927/696 606/929/698
f 602/925/694 453/474/379 450/688/531
f 602/925/694 606/929/698 605/928/697
f 216/307/252 218/309/254 607/930/699
f 216/307/252 607/930/699 608/931/700
f 216/307/252 608/931/700 217/308/253
f 609/932/701 610/933/702 611/934/703
f 609/932/701 612/935/704 613/936/705
f 609/932/701 422/627/496 610/933/702
f 609/932/701 614/937/706 612/935/704
f 609/932/701 611/934/703 614/937/706
f 609/932/701 613/936/705 422/627/496
f 615/938/707 975/851/644 195/939/228
f 615/938/707 194/266/225 616/940/708
f 615/938/707 616/940/708 617/941/709
f 615/938/707 618/942/710 975/851/644
f 615/938/707 195/939/228 194/266/225
f 615/938/707 617/941/709 618/942/710
f 558/858/648 849/363/292 257/362/297
f 558/858/648 324/142/122 101/141/121
f 558/858/648 257/362/297 322/467/376
f 558/858/648 101/141/121 849/363/292
f 303/440/359 459/861/539 458/943/537
f 303/440/359 619/944/711 620/945/712
f 303/440/359 309/448/365 459/861/539
f 303/440/359 458/943/537 619/944/711
f 303/440/359 620/945/712 304/441/360
f 209/297/245 389/568/459 521/791/604
f 209/297/245 521/791/604 210/298/246
f 209/297/245 393/569/460 389/568/459
f 209/297/245 214/304/250 393/569/460
f 567/946/655 621/947/656 622/948/713
f 567/873/655 858/949/714 501/764/314
f 567/946/655 1150/950/715 858/951/714
f 567/946/655 622/948/713 1150/950/715
f 625/952/716 623/953/717 774/954/718
f 625/952/716 774/954/718 624/955/719
f 625/952/716 626/956/720 623/953/717
f 625/957/716 627/958/721 626/959/720
f 625/952/716 624/955/719 1159/721/557
f 625/952/716 1159/721/557 627/960/721
f 628/961/722 137/187/160 142/192/165
f 628/961/722 1070/962/723 1153/963/724
f 628/961/722 1137/964/725 1070/962/723
f 628/961/722 629/965/726 1137/964/725
f 628/961/722 142/192/165 629/965/726
f 628/961/722 1153/963/724 137/187/160
f 583/492/393 585/895/674 338/493/394
f 583/892/393 341/966/397 584/893/673
f 344/499/400 630/967/727 895/968/728
f 344/499/400 895/968/728 492/500/401
f 344/499/400 347/506/405 630/967/727
f 532/810/614 631/969/683 632/970/729
f 532/810/614 923/971/730 530/972/615
f 532/810/614 632/970/729 923/971/730
f 532/810/614 531/809/616 631/969/683
f 633/973/731 634/974/732 255/358/294
f 633/973/731 255/358/294 256/360/296
f 633/973/731 254/357/293 635/975/733
f 633/973/731 636/976/734 634/974/732
f 633/973/731 635/975/733 637/977/735
f 633/973/731 638/978/736 636/976/734
f 633/973/731 256/360/296 254/357/293
f 633/973/731 637/977/735 638/978/736
f 639/979/737 640/980/738 641/981/739
f 639/979/737 642/982/740 640/980/738
f 639/979/737 436/654/510 643/983/741
f 639/979/737 644/984/742 642/982/740
f 639/979/737 645/985/743 644/984/742
f 639/979/737 641/981/739 436/654/510
f 639/979/737 643/983/741 645/985/743
f 649/376/306 646/986/744 647/987/745
f 649/376/306 648/988/746 264/377/307
f 649/376/306 647/987/745 648/988/746
f 649/989/306 267/382/310 646/990/744
f 650/991/747 218/309/254 651/992/748
f 650/991/747 651/992/748 652/993/749
f 650/991/747 306/449/362 607/930/699
f 650/991/747 607/930/699 218/309/254
f 650/991/747 653/994/750 306/449/362
f 650/991/747 652/993/749 653/994/750
f 656/995/751 654/996/752 658/997/753
f 656/995/751 655/998/754 614/937/706
f 656/995/751 614/937/706 611/934/703
f 656/999/751 657/1000/755 659/1001/756
f 656/999/751 658/1002/753 657/1000/755
f 656/995/751 611/934/703 654/996/752
f 656/995/751 659/1003/756 655/998/754
f 660/1004/757 661/1005/758 398/584/469
f 660/1004/757 148/200/173 661/1005/758
f 660/1004/757 68/96/84 662/1006/759
f 660/1004/757 398/584/469 69/97/85
f 660/1004/757 662/1006/759 148/200/173
f 660/1004/757 69/97/85 68/96/84
f 663/1007/760 401/1008/760 664/1009/760
f 663/1010/761 664/1011/471 665/1012/762
f 663/1010/761 665/1012/762 666/1013/763
f 663/1010/761 666/1013/763 944/1014/764
f 663/1010/761 935/1015/765 401/1016/766
f 663/1010/761 944/1014/764 935/1015/765
f 667/419/341 794/1017/767 668/1018/768
f 667/1019/341 668/1020/768 405/601/475
f 667/419/341 288/421/343 794/1017/767
f 669/1021/769 670/1022/770 671/1023/771
f 669/1021/769 672/1024/772 850/1025/773
f 669/1021/769 1088/1026/774 1089/1027/775
f 669/1021/769 671/1023/771 1088/1026/774
f 669/1021/769 1089/1027/775 672/1024/772
f 669/1021/769 850/1025/773 670/1022/770
f 293/426/348 296/430/352 548/842/636
f 293/426/348 548/842/636 352/513/410
f 293/426/348 673/1028/483 294/427/349
f 293/426/348 352/513/410 673/1028/483
f 674/1029/776 675/1030/777 676/1031/778
f 674/1032/776 507/773/590 677/1033/779
f 674/1032/776 676/1034/778 508/774/591
f 674/1032/776 677/1033/779 678/1035/780
f 674/1032/776 508/774/591 507/773/590
f 674/1029/776 678/1036/780 675/1030/777
f 680/294/238 206/292/242 679/1037/491
f 680/1038/238 418/619/490 205/1039/239
f 680/1038/238 679/620/491 418/619/490
f 681/1040/781 518/794/602 522/792/605
f 681/1040/781 317/459/370 319/461/372
f 681/1040/781 682/1041/782 683/1042/783
f 681/1040/781 683/1042/783 317/459/370
f 681/1040/781 319/461/372 518/794/602
f 681/1040/781 522/792/605 682/1041/782
f 260/1043/299 684/1044/784 187/261/222
f 260/1043/299 187/261/222 685/1045/785
f 260/366/299 262/373/304 684/1046/784
f 260/1043/299 685/1045/785 686/1047/300
f 687/1048/786 688/1049/787 751/1050/788
f 687/1048/786 751/1050/788 689/1051/430
f 687/1048/786 690/1052/789 688/1049/787
f 687/1048/786 1015/1053/790 690/1052/789
f 687/1054/786 689/533/430 691/532/429
f 687/1048/786 691/1055/429 1015/1053/790
f 692/1056/791 1075/1057/792 252/1058/290
f 692/1056/791 693/1059/384 1075/1057/792
f 692/1056/791 593/1060/684 531/1061/616
f 692/1062/791 252/354/290 250/352/288
f 692/1063/791 250/1064/288 593/915/684
f 692/1056/791 531/1061/616 693/1059/384
f 694/1065/687 199/276/232 695/1066/793
f 694/1065/687 200/277/233 199/276/232
f 694/917/687 695/1067/793 709/918/688
f 694/1068/687 535/814/619 200/1069/233
f 236/334/273 147/198/171 662/1006/759
f 236/334/273 696/1070/794 237/335/274
f 236/334/273 662/1006/759 696/1070/794
f 542/831/629 698/1071/280 764/1072/795
f 542/1073/629 1130/1074/633 697/1075/796
f 542/831/629 764/1072/795 543/832/630
f 542/1073/629 697/1075/796 698/1076/280
f 79/108/96 385/562/453 699/1077/797
f 79/108/96 700/1078/798 435/109/97
f 79/108/96 701/1079/799 385/562/453
f 79/108/96 80/114/99 701/1079/799
f 79/108/96 699/1077/797 700/1078/798
f 355/516/413 1062/518/415 702/1080/800
f 355/516/413 702/1080/800 703/1081/801
f 355/516/413 551/1082/639 356/517/414
f 355/516/413 703/1081/801 551/1082/639
f 585/895/674 1151/898/677 704/1083/568
f 585/895/674 705/1084/802 706/1085/803
f 585/895/674 706/1085/803 338/493/394
f 585/895/674 704/1083/568 705/1084/802
f 707/1086/9 708/1087/804 588/1088/678
f 707/9/9 460/700/366 708/1089/804
f 592/907/662 594/912/685 573/640/503
f 592/880/662 575/883/664 596/1090/682
f 598/1091/689 709/1092/688 138/188/161
f 598/1091/689 137/187/160 710/1093/690
f 598/1091/689 138/188/161 137/187/160
f 713/34/28 711/1094/805 712/1095/806
f 713/1096/28 349/509/407 711/1097/805
f 713/34/28 712/1095/806 23/35/29
f 713/1096/28 350/510/31 349/509/407
f 714/1098/807 297/436/354 300/435/356
f 714/1098/807 300/435/356 715/1099/808
f 714/1098/807 716/1100/809 297/436/354
f 714/1098/807 715/1099/808 716/1100/809
f 718/1101/810 717/1102/811 653/1103/750
f 718/1104/810 989/1105/812 719/1106/813
f 718/1101/810 719/1107/813 720/1108/814
f 718/1101/810 720/1108/814 717/1102/811
f 718/1104/810 653/994/750 652/993/749
f 718/1104/810 652/993/749 989/1105/812
f 389/568/459 522/792/605 521/791/604
f 389/568/459 391/577/464 522/792/605
f 168/232/197 721/1109/815 644/984/742
f 168/232/197 722/1110/816 169/233/198
f 168/232/197 644/984/742 645/985/743
f 168/232/197 645/985/743 722/1110/816
f 168/232/197 171/237/202 721/1109/815
f 173/242/205 723/1111/817 174/243/206
f 173/242/205 403/595/474 723/1111/817
f 724/1112/818 58/83/71 725/1113/819
f 724/1112/818 726/1114/820 727/1115/538
f 724/1112/818 727/1115/538 728/1116/540
f 724/1112/818 729/1117/821 726/1114/820
f 724/1112/818 725/1113/819 729/1117/821
f 724/1112/818 728/1116/540 58/83/71
f 732/1118/822 730/1119/342 731/1120/823
f 732/1121/822 733/1122/824 1112/1123/825
f 732/1121/822 1112/1123/825 734/1124/826
f 732/1118/822 734/1125/826 1165/1126/827
f 732/1118/822 731/1120/823 733/1127/824
f 732/1118/822 1165/1126/827 730/1119/342
f 735/1128/828 1061/1129/829 736/1130/830
f 735/1128/828 737/1131/140 118/1132/139
f 735/1128/828 738/1133/831 739/1134/832
f 735/1128/828 740/1135/544 1061/1129/829
f 735/1128/828 739/1134/832 737/1131/140
f 735/1128/828 118/1132/139 740/1135/544
f 735/1128/828 736/1130/830 738/1133/831
f 741/1136/833 742/1137/834 347/507/405
f 741/1136/833 743/1138/835 744/1139/836
f 741/1136/833 347/507/405 345/503/403
f 741/1136/833 744/1139/836 742/1137/834
f 741/1136/833 345/503/403 743/1138/835
f 574/882/663 1080/1140/837 575/883/664
f 574/1141/838 745/1142/838 1080/1143/838
f 574/882/663 900/884/665 745/1144/839
f 82/117/101 478/724/560 83/118/102
f 82/117/101 479/725/561 478/724/560
f 82/117/101 86/121/105 746/1145/840
f 82/117/101 746/1145/840 479/725/561
f 89/124/108 747/1146/841 359/523/420
f 89/124/108 94/129/113 747/1146/841
f 748/1147/842 364/528/425 689/533/430
f 748/1147/842 749/1148/843 364/528/425
f 748/1149/842 751/1050/788 528/801/612
f 748/1149/842 528/801/612 525/804/609
f 748/1147/842 750/1150/844 749/1148/843
f 748/1147/842 689/533/430 751/1151/788
f 748/1147/842 1122/1152/845 750/1150/844
f 748/1147/842 525/1153/609 1122/1152/845
f 753/535/432 1138/1154/846 752/1155/847
f 753/535/432 371/540/437 1138/1154/846
f 753/1156/432 752/1157/847 754/1158/848
f 753/535/432 754/1159/848 368/536/433
f 372/547/439 755/1160/849 756/1161/850
f 372/547/439 376/546/442 755/1160/849
f 372/542/439 756/1162/850 373/543/440
f 757/1163/851 758/1164/852 759/1165/853
f 757/1163/851 760/1166/854 540/1167/626
f 757/1163/851 761/1168/855 758/1164/852
f 757/1163/851 540/1167/626 762/1169/627
f 757/1163/851 762/1169/627 761/1168/855
f 757/1163/851 759/1165/853 760/1166/854
f 544/834/631 243/343/279 383/560/451
f 544/834/631 763/1170/856 764/1171/795
f 544/834/631 764/1171/795 243/343/279
f 544/834/631 383/560/451 545/835/632
f 544/834/631 546/839/634 763/1170/856
f 224/324/262 227/323/264 765/1172/857
f 224/324/262 135/185/158 134/184/157
f 224/324/262 765/1172/857 135/185/158
f 18/29/23 110/154/130 231/329/268
f 18/29/23 230/328/267 19/30/24
f 18/29/23 20/31/25 110/154/130
f 18/29/23 231/329/268 230/328/267
f 766/1173/858 767/1174/859 792/404/329
f 766/1173/858 792/404/329 193/270/227
f 766/1173/858 193/270/227 196/273/229
f 766/1173/858 196/273/229 768/1175/860
f 766/1173/858 768/1175/860 769/1176/861
f 766/1173/858 769/1176/861 767/1174/859
f 400/587/470 176/593/208 449/687/530
f 400/587/470 449/687/530 1164/1177/862
f 400/587/470 823/1178/863 664/588/471
f 400/587/470 1164/1177/862 823/1178/863
f 770/1179/864 771/1180/865 772/1181/866
f 770/1179/864 775/1182/867 624/1183/719
f 770/1179/864 773/1184/868 771/1180/865
f 770/1179/864 774/1185/718 773/1184/868
f 770/1179/864 624/1183/719 774/1185/718
f 770/1186/864 772/1187/866 775/1188/867
f 776/1189/869 670/1022/770 408/1190/480
f 776/1189/869 777/1191/870 498/753/578
f 776/1189/869 407/1192/479 777/1191/870
f 776/1189/869 408/1190/480 407/1192/479
f 776/1189/869 498/753/578 671/1023/771
f 776/1189/869 671/1023/771 670/1022/770
f 778/1193/871 779/1194/872 475/714/553
f 778/1195/871 1058/1196/873 779/1197/872
f 778/1193/871 475/714/553 780/1198/874
f 778/1195/871 781/1199/520 782/1200/523
f 778/1195/871 782/1200/523 1058/1196/873
f 778/1193/871 780/1198/874 781/671/520
f 50/75/63 53/78/66 783/1201/875
f 50/75/63 784/1202/876 51/76/64
f 50/75/63 783/1201/875 784/1202/876
f 511/777/594 785/1203/877 182/253/215
f 511/777/594 512/779/240 786/1204/878
f 511/777/594 786/1204/878 785/1203/877
f 511/777/594 182/253/215 178/249/211
f 610/933/702 422/627/496 421/623/494
f 610/933/702 787/1205/879 788/1206/880
f 610/933/702 788/1206/880 611/934/703
f 610/933/702 421/623/494 787/1205/879
f 767/1207/859 789/1208/881 790/1209/882
f 767/1207/859 790/1209/882 791/1210/883
f 767/1207/859 791/1210/883 792/1211/329
f 767/1207/859 769/1212/861 789/1208/881
f 198/275/231 793/1213/884 199/276/232
f 198/275/231 201/285/235 793/1213/884
f 794/1214/767 795/1215/885 429/644/505
f 794/1214/767 288/1216/343 795/1215/885
f 794/1217/767 160/218/186 668/1020/768
f 794/1214/767 429/644/505 160/1218/186
f 577/886/667 579/888/669 433/1219/508
f 577/886/667 1137/964/725 629/965/726
f 577/886/667 629/965/726 578/887/668
f 577/886/667 433/1219/508 1137/964/725
f 796/1220/199 797/1221/886 798/1222/887
f 796/1220/199 798/1222/887 799/1223/200
f 796/1220/199 800/1224/888 797/1221/886
f 796/234/199 169/233/198 800/1225/888
f 801/1226/889 802/1227/890 803/1228/891
f 801/1226/889 804/1229/892 802/1227/890
f 801/1226/889 803/1228/891 301/437/357
f 801/1226/889 298/433/355 805/1230/893
f 801/1226/889 301/437/357 298/433/355
f 801/1226/889 805/1230/893 804/1229/892
f 806/1231/210 179/1232/212 807/1233/894
f 806/1234/210 807/1235/894 808/1236/895
f 806/248/210 514/782/595 178/249/211
f 806/1234/210 808/1236/895 514/1237/595
f 684/1044/784 188/262/217 187/261/222
f 684/1046/784 262/373/304 809/1238/896
f 684/1044/784 890/1239/897 188/262/217
f 684/1046/784 809/1238/896 890/1240/897
f 518/788/602 810/1241/898 519/789/603
f 518/788/602 319/464/372 810/1241/898
f 603/926/695 99/136/119 102/138/120
f 603/926/695 102/138/120 453/474/379
f 603/926/695 605/928/697 811/1242/899
f 603/926/695 811/1242/899 99/136/119
f 814/1243/900 812/1244/901 813/1245/902
f 814/1246/900 815/1247/903 108/150/127
f 814/1246/900 816/1248/904 815/1247/903
f 814/1246/900 817/1249/905 812/1250/901
f 814/1246/900 813/1251/902 816/1248/904
f 814/1246/900 108/150/127 817/1249/905
f 818/1252/906 819/1253/907 820/1254/908
f 818/1252/906 821/1255/909 1142/1256/910
f 818/1257/906 1142/1258/910 665/1012/762
f 818/1259/906 665/1260/762 823/1178/863
f 818/1261/906 822/1262/911 819/1263/907
f 818/1261/906 823/1264/863 1167/1265/912
f 818/1252/906 820/1254/908 821/1255/909
f 818/1261/906 1167/1265/912 822/1262/911
f 586/896/675 738/1266/831 587/897/676
f 586/896/675 584/893/673 1018/1267/913
f 586/896/675 1018/1267/913 1133/1268/914
f 586/896/675 1133/1268/914 738/1266/831
f 630/967/727 824/1269/915 825/1270/916
f 630/967/727 825/1270/916 895/968/728
f 630/1271/727 826/1272/917 824/1273/915
f 630/1271/727 347/507/405 826/1272/917
f 547/841/635 132/1274/155 827/1275/918
f 547/841/635 827/1275/918 353/514/411
f 547/841/635 134/840/157 132/1274/155
f 828/1276/919 275/1277/920 829/1278/321
f 828/1276/919 830/1279/921 377/549/444
f 828/1276/919 829/1278/321 831/1280/922
f 828/1276/919 831/1280/922 830/1279/921
f 828/1276/919 1000/548/443 275/1277/920
f 828/1276/919 377/549/444 1000/548/443
f 43/65/56 45/67/58 192/265/224
f 43/65/56 192/265/224 191/1281/226
f 43/65/56 832/1282/328 44/66/57
f 43/1283/56 191/268/226 832/403/328
f 280/407/332 961/683/527 447/682/526
f 280/407/332 283/412/337 961/683/527
f 280/407/332 447/682/526 833/1284/923
f 280/407/332 833/1284/923 281/408/333
f 55/1285/68 834/1286/924 1031/1287/925
f 55/80/68 1031/1288/925 56/81/69
f 55/1285/68 59/1289/72 834/1286/924
f 837/1290/926 437/655/76 436/654/510
f 837/1290/926 835/1291/927 836/1292/928
f 837/1290/926 436/654/510 641/981/739
f 837/1293/926 836/1294/928 65/91/79
f 837/1290/926 641/981/739 835/1291/927
f 837/1293/926 65/91/79 437/88/76
f 218/309/254 220/314/257 651/992/748
f 838/1295/929 543/838/630 839/1296/930
f 838/1295/929 546/839/634 543/838/630
f 838/1295/929 839/1296/930 546/839/634
f 488/742/573 386/750/454 840/1297/931
f 488/742/573 841/1298/932 842/1299/933
f 488/742/573 840/1297/931 841/1298/932
f 488/742/573 842/1299/933 489/743/574
f 579/1300/669 431/646/506 433/648/508
f 579/888/669 495/756/580 494/760/579
f 579/1300/669 494/754/579 431/646/506
f 238/337/275 537/824/625 239/338/276
f 238/337/275 237/340/274 536/820/623
f 844/1301/934 708/1087/804 843/1302/935
f 844/1303/934 847/902/679 588/904/678
f 844/1304/934 846/1305/936 845/1306/937
f 844/1301/934 588/1088/678 708/1087/804
f 844/1301/934 843/1302/935 846/1307/936
f 844/1304/934 845/1306/937 847/1308/679
f 248/349/285 1104/1309/938 848/1310/939
f 248/349/285 251/353/289 1105/1311/940
f 248/349/285 848/1310/939 249/350/286
f 248/349/285 1105/1311/940 1104/1309/938
f 849/1312/292 672/1024/772 1045/1313/941
f 849/356/292 1045/1314/941 635/975/733
f 849/363/292 1155/1315/481 850/1316/773
f 849/356/292 635/975/733 254/357/293
f 849/363/292 101/141/121 1155/1315/481
f 849/1312/292 850/1025/773 672/1024/772
f 851/1317/942 852/1318/943 626/959/720
f 851/1319/942 92/1320/111 852/1321/943
f 851/1319/942 93/1322/112 92/1320/111
f 851/1319/942 853/1323/944 93/1322/112
f 851/1317/942 626/959/720 627/958/721
f 851/1317/942 627/958/721 853/1324/944
f 854/1325/945 688/1049/787 266/381/309
f 854/1325/945 28/1326/35 526/799/610
f 854/1325/945 266/381/309 855/1327/946
f 854/1325/945 526/799/610 856/1328/947
f 854/1325/945 856/1328/947 688/1049/787
f 854/1329/945 855/1330/946 28/41/35
f 270/388/315 857/1331/948 271/389/316
f 270/388/315 1047/1332/949 857/1331/948
f 270/388/315 858/1333/714 1047/1332/949
f 270/388/315 501/387/314 858/1333/714
f 859/1334/950 655/998/754 860/1335/951
f 859/1334/950 860/1335/951 861/1336/952
f 859/1334/950 614/937/706 655/998/754
f 859/1334/950 861/1336/952 614/937/706
f 359/523/420 747/1146/841 618/942/710
f 359/523/420 618/942/710 617/941/709
f 359/523/420 617/941/709 360/524/421
f 862/1337/953 863/1338/954 98/133/117
f 862/1337/953 1012/1339/955 366/531/428
f 862/1337/953 98/133/117 97/132/116
f 862/1337/953 365/530/427 863/1338/954
f 862/1337/953 97/132/116 1012/1339/955
f 862/1337/953 366/531/428 365/530/427
f 104/145/124 815/1247/903 440/661/515
f 104/145/124 108/150/127 815/1247/903
f 17/28/22 111/155/131 20/31/25
f 17/667/22 214/666/250 213/1340/249
f 17/667/22 213/1340/249 111/1341/131
f 379/552/446 340/1342/396 1148/553/447
f 379/552/446 341/966/397 340/1342/396
f 379/552/446 864/1343/956 341/966/397
f 379/556/446 182/253/215 864/1344/956
f 865/1345/957 569/876/658 571/878/660
f 865/1345/957 743/1138/835 346/502/402
f 865/1345/957 866/1346/958 569/876/658
f 865/1345/957 571/878/660 743/1138/835
f 865/1345/957 346/502/402 867/1347/959
f 865/1345/957 867/1347/959 866/1346/958
f 868/1348/960 131/181/154 869/1349/961
f 868/1348/960 132/182/155 131/181/154
f 868/1350/960 870/1351/962 132/1274/155
f 868/1348/960 869/1349/961 870/1352/962
f 871/1353/963 478/724/560 481/727/563
f 871/1353/963 83/118/102 478/724/560
f 871/1353/963 481/727/563 872/1354/964
f 871/1353/963 872/1354/964 873/1355/965
f 871/1353/963 873/1355/965 83/118/102
f 462/703/542 464/706/545 874/1356/966
f 462/703/542 875/1357/967 463/704/543
f 462/703/542 874/1356/966 876/1358/968
f 462/703/542 876/1358/968 875/1357/967
f 877/1359/969 824/1273/915 826/1272/917
f 877/1359/969 878/1360/970 127/176/149
f 877/1359/969 879/1361/971 824/1273/915
f 877/1359/969 126/175/148 122/171/144
f 877/1359/969 826/1272/917 878/1360/970
f 877/1359/969 127/176/149 126/175/148
f 877/1359/969 122/171/144 879/1361/971
f 880/1362/972 159/217/185 881/219/187
f 880/1363/972 881/1364/187 882/1365/973
f 880/1363/972 882/1365/973 883/1366/974
f 880/1363/972 883/1366/974 772/1187/866
f 880/1362/972 884/599/477 405/601/475
f 880/1362/972 405/601/475 159/217/185
f 880/1363/972 772/1187/866 884/1367/477
f 885/1368/975 165/1369/194 886/1370/976
f 885/1368/975 887/1371/977 290/1372/345
f 885/1373/975 290/423/345 165/227/194
f 885/1368/975 749/1148/843 750/1150/844
f 885/1368/975 750/1150/844 887/1371/977
f 885/1368/975 886/1370/976 749/1148/843
f 294/607/349 410/609/484 888/1374/350
f 174/244/206 297/436/354 175/245/207
f 174/243/206 723/1111/817 805/1230/893
f 174/243/206 298/433/355 297/432/354
f 174/243/206 805/1230/893 298/433/355
f 179/1232/212 619/944/711 807/1233/894
f 179/250/212 181/252/214 620/1375/712
f 179/1232/212 620/945/712 619/944/711
f 188/255/217 889/1376/978 183/256/218
f 188/255/217 890/1377/897 889/1376/978
f 2/2/2 891/1378/979 484/1379/567
f 2/2/2 5/5/5 891/1378/979
f 2/2/2 892/1380/566 3/3/3
f 2/2/2 484/1379/567 892/1380/566
f 893/1381/980 563/865/652 894/1382/981
f 893/1381/980 486/735/571 563/865/652
f 893/1383/980 733/1127/824 731/1120/823
f 893/1381/980 894/1382/981 733/1122/824
f 893/1383/980 731/1120/823 1166/1384/982
f 893/1385/980 1166/1386/982 486/737/571
f 490/745/575 228/326/265 387/746/455
f 490/745/575 895/1387/728 896/1388/983
f 490/745/575 492/751/401 895/1387/728
f 490/745/575 896/1388/983 228/326/265
f 110/154/130 897/1389/984 231/329/268
f 110/154/130 1077/158/134 897/1389/984
f 898/1390/985 261/369/301 899/1391/986
f 898/1390/985 998/370/302 261/369/301
f 898/1390/985 745/1392/839 900/1393/665
f 898/1390/985 899/1391/986 745/1392/839
f 898/1390/985 900/1393/665 998/370/302
f 901/1394/987 265/378/308 268/383/311
f 901/1394/987 1119/1395/988 902/1396/989
f 901/1394/987 941/658/513 1119/1395/988
f 901/1394/987 902/1396/989 265/378/308
f 901/1394/987 268/383/311 941/658/513
f 34/48/42 903/1397/990 369/537/434
f 34/48/42 369/537/434 904/1398/991
f 34/48/42 39/56/47 903/1397/990
f 34/48/42 904/1398/991 38/49/43
f 274/393/320 277/400/325 905/1399/992
f 274/393/320 906/1400/993 829/394/321
f 274/393/320 905/1399/992 683/1042/783
f 274/393/320 683/1042/783 1021/1401/994
f 274/393/320 1021/1401/994 906/1400/993
f 45/67/58 47/71/60 907/1402/995
f 45/67/58 908/1403/996 192/265/224
f 45/67/58 907/1402/995 908/1403/996
f 909/1404/608 1121/1405/997 525/1406/609
f 909/796/608 413/613/487 282/1407/336
f 909/1404/608 282/411/336 783/1201/875
f 909/796/608 527/803/611 413/613/487
f 909/1404/608 783/1201/875 1121/1405/997
f 368/536/433 910/1408/998 904/1398/991
f 368/536/433 904/1398/991 369/537/434
f 368/1409/433 754/1158/848 910/1410/998
f 913/1411/999 911/1412/1000 820/1254/908
f 913/1411/999 819/1253/907 912/1413/132
f 913/1411/999 912/1413/132 213/1340/249
f 913/1414/999 212/301/248 911/1415/1000
f 913/1414/999 213/302/249 212/301/248
f 913/1411/999 820/1254/908 819/1253/907
f 395/579/466 914/1416/1001 67/580/82
f 395/579/466 443/673/519 1001/1417/1002
f 395/579/466 1001/1417/1002 914/1416/1001
f 395/579/466 396/582/468 443/673/519
f 51/76/64 446/681/525 52/77/65
f 51/76/64 915/1418/1003 916/1419/1004
f 51/76/64 916/1419/1004 446/681/525
f 51/76/64 784/1202/876 917/1420/1005
f 51/76/64 917/1420/1005 915/1418/1003
f 63/111/77 64/1421/78 1006/112/98
f 918/1422/1006 1063/1423/1007 703/1081/801
f 918/1422/1006 702/1080/800 1063/1423/1007
f 918/1422/1006 703/1081/801 702/1080/800
f 185/258/219 362/526/423 361/525/422
f 185/258/219 361/525/422 186/259/220
f 185/258/219 189/263/221 362/526/423
f 364/528/425 749/1148/843 164/1424/193
f 364/528/425 164/1424/193 434/529/426
f 919/1425/1008 502/390/317 272/391/318
f 919/1426/1008 920/1427/1009 921/1428/1010
f 919/1429/1008 923/971/730 920/1430/1009
f 919/1425/1008 272/391/318 922/1431/1011
f 919/1426/1008 921/1428/1010 502/766/317
f 919/1425/1008 922/1431/1011 923/1432/730
f 924/1433/1012 925/1434/1013 926/1435/1014
f 924/1433/1012 83/118/102 925/1434/1013
f 924/1433/1012 927/1436/1015 928/1437/1016
f 924/1433/1012 928/1437/1016 84/119/103
f 924/1433/1012 84/119/103 83/118/102
f 924/1433/1012 926/1435/1014 927/1436/1015
f 219/315/255 761/1168/855 762/1169/627
f 219/1438/255 536/820/623 929/1439/256
f 219/1438/255 762/828/627 536/820/623
f 219/315/255 217/308/253 761/1168/855
f 930/1440/1017 931/1441/1018 1156/1442/1019
f 930/1440/1017 932/1443/1020 221/316/258
f 930/1440/1017 221/316/258 933/1444/1021
f 930/1440/1017 933/1444/1021 931/1441/1018
f 930/1440/1017 1156/1442/1019 932/1443/1020
f 223/319/261 296/430/352 934/1445/1022
f 223/319/261 548/842/636 296/430/352
f 223/319/261 934/1445/1022 225/321/263
f 19/30/24 230/328/267 928/1437/1016
f 19/30/24 927/1436/1015 21/32/26
f 19/30/24 928/1437/1016 927/1436/1015
f 661/1005/758 789/1208/881 398/584/469
f 661/1005/758 148/200/173 146/197/170
f 661/1005/758 790/1209/882 789/1208/881
f 661/1005/758 146/197/170 790/1209/882
f 401/1446/766 74/102/90 403/595/474
f 401/1446/766 935/1447/765 74/102/90
f 771/1448/865 936/1449/476 884/1367/477
f 771/1180/865 773/1184/868 937/1450/1023
f 771/1448/865 884/1367/477 772/1187/866
f 771/1180/865 937/1450/1023 936/597/476
f 863/1451/954 365/1452/427 432/647/507
f 863/1451/954 777/1191/870 407/1192/479
f 863/1338/954 407/603/479 98/133/117
f 863/1451/954 432/647/507 777/1191/870
f 938/1453/59 745/1392/839 899/1391/986
f 938/1453/59 1081/1454/1024 745/1392/839
f 938/1453/59 48/1455/61 1081/1454/1024
f 938/69/59 899/1456/986 47/70/60
f 939/1457/512 940/1458/1025 941/1459/513
f 939/657/512 439/659/514 301/438/357
f 939/1457/512 803/1228/891 940/1458/1025
f 939/1457/512 301/437/357 803/1228/891
f 205/1039/239 786/1204/878 512/779/240
f 205/1039/239 418/619/490 786/1204/878
f 420/622/493 1072/626/495 1074/1460/1026
f 420/622/493 1074/1460/1026 942/1461/1027
f 420/622/493 942/1461/1027 421/623/494
f 338/493/394 706/1085/803 339/494/395
f 943/1462/1028 133/1463/1028 1086/1464/1028
f 943/1465/1029 1086/1466/1030 76/1467/93
f 943/1465/1029 935/1015/765 944/1014/764
f 943/1468/1029 944/1469/764 945/1470/1031
f 943/1468/1029 945/1470/1031 133/183/156
f 943/1465/1029 76/1467/93 935/1015/765
f 631/969/683 596/1090/682 632/970/729
f 631/910/683 531/1471/616 593/911/684
f 709/1092/688 139/189/162 138/188/161
f 709/918/688 695/1067/793 946/1472/1032
f 709/1092/688 946/1473/1032 139/189/162
f 711/1097/805 947/1474/1033 948/1475/1034
f 711/1097/805 349/509/407 949/1476/1035
f 711/1094/805 948/1477/1034 712/1095/806
f 711/1097/805 949/1476/1035 947/1474/1033
f 297/436/354 716/1100/809 175/245/207
f 717/1102/811 308/447/364 307/446/363
f 717/1102/811 720/1108/814 950/1478/1036
f 717/1102/811 950/1478/1036 308/447/364
f 717/1102/811 307/446/363 653/1103/750
f 951/1479/1037 332/482/386 1149/1480/1038
f 951/1481/1037 1149/1482/1038 313/62/53
f 951/1481/1037 335/488/387 332/1483/386
f 951/1481/1037 1049/61/52 952/1484/1039
f 951/1481/1037 313/62/53 1049/61/52
f 951/1481/1037 952/1484/1039 335/488/387
f 721/1109/815 1011/1485/1040 644/984/742
f 721/1109/815 320/462/373 318/463/371
f 721/1109/815 318/463/371 1011/1485/1040
f 721/1109/815 171/237/202 320/462/373
f 446/681/525 916/1419/1004 447/682/526
f 446/681/525 326/475/378 52/77/65
f 455/860/534 560/862/650 834/1486/924
f 455/693/534 834/1286/924 456/694/535
f 563/871/652 953/1487/1041 894/1488/981
f 563/871/652 565/870/654 953/1487/1041
f 145/196/169 954/1489/1042 146/197/170
f 145/196/169 955/1490/1043 954/1489/1042
f 145/196/169 144/195/168 876/1358/968
f 145/196/169 876/1358/968 955/1490/1043
f 956/1491/1044 569/876/658 866/1346/958
f 956/1491/1044 866/1346/958 155/209/180
f 956/1491/1044 155/209/180 156/210/181
f 956/1491/1044 506/772/589 569/876/658
f 956/1491/1044 156/210/181 957/1492/1045
f 956/1491/1044 957/1492/1045 506/772/589
f 795/1215/885 958/1493/1046 429/644/505
f 795/1215/885 288/1216/343 1165/1126/827
f 795/1215/885 959/1494/303 958/1493/1046
f 795/1215/885 1165/1126/827 959/1494/303
f 960/1495/1047 399/581/467 769/1176/861
f 960/1495/1047 396/582/468 399/581/467
f 960/1495/1047 445/674/521 396/582/468
f 960/1495/1047 555/856/647 445/674/521
f 960/1495/1047 768/1175/860 555/856/647
f 960/1495/1047 769/1176/861 768/1175/860
f 961/1496/527 283/415/337 962/1497/1048
f 961/683/527 962/1498/1048 452/684/528
f 130/1499/152 1042/1500/1049 963/1501/153
f 130/179/152 135/185/158 964/1502/1050
f 130/1499/152 965/1503/1051 1042/1500/1049
f 130/1499/152 964/1504/1050 966/1505/1052
f 130/1499/152 966/1505/1052 965/1503/1051
f 670/1022/770 850/1025/773 408/1190/480
f 967/1506/1053 1002/669/518 781/671/520
f 967/1506/1053 781/671/520 780/1198/874
f 967/1506/1053 968/1507/1054 1002/669/518
f 967/1508/1053 11/18/15 968/1509/1054
f 967/1508/1053 15/1510/19 11/18/15
f 967/1508/1053 780/1511/874 15/1510/19
f 675/1030/777 32/46/40 676/1031/778
f 675/1030/777 678/1036/780 32/46/40
f 969/1512/1055 970/1513/1056 116/164/137
f 969/1512/1055 37/53/46 970/1513/1056
f 969/1512/1055 116/164/137 679/620/491
f 969/1512/1055 1162/1514/1057 37/53/46
f 969/1512/1055 679/620/491 1162/1514/1057
f 261/372/301 686/367/300 1146/1515/1058
f 261/372/301 1146/1515/1058 899/1456/986
f 688/1049/787 856/1328/947 751/1050/788
f 688/1049/787 690/1052/789 267/382/310
f 688/1049/787 267/382/310 266/381/309
f 329/478/382 530/806/615 971/1516/1059
f 329/478/382 971/1516/1059 752/1157/847
f 329/478/382 752/1157/847 330/479/383
f 199/276/232 793/1213/884 972/1517/1060
f 199/276/232 972/1517/1060 695/1066/793
f 381/558/448 539/827/624 540/826/626
f 381/555/448 760/1166/854 180/251/213
f 381/555/448 540/1167/626 760/1166/854
f 381/558/448 380/557/449 539/827/624
f 973/1518/1061 382/559/450 937/1450/1023
f 973/1518/1061 545/835/632 383/560/451
f 973/1518/1061 847/902/679 845/1519/937
f 973/1518/1061 383/560/451 382/559/450
f 973/1518/1061 937/1450/1023 847/902/679
f 973/1518/1061 845/1519/937 545/835/632
f 385/562/453 701/1079/799 386/563/454
f 385/562/453 388/565/456 699/1077/797
f 550/844/638 333/485/388 335/488/387
f 550/844/638 335/488/387 952/1484/1039
f 550/844/638 974/1520/416 356/845/414
f 550/844/638 952/1484/1039 974/1520/416
f 557/857/643 196/273/229 195/272/228
f 557/857/643 195/272/228 975/1521/644
f 557/857/643 555/856/647 768/1175/860
f 557/857/643 768/1175/860 196/273/229
f 976/1522/529 1043/1523/1062 977/1524/1063
f 976/686/529 452/690/528 1043/1525/1062
f 976/686/529 977/1526/1063 1164/1177/862
f 976/686/529 1164/1177/862 449/687/530
f 457/695/536 807/1235/894 458/696/537
f 457/695/536 726/1527/820 808/1236/895
f 457/695/536 727/697/538 726/1527/820
f 457/695/536 808/1236/895 807/1235/894
f 978/1528/1064 852/1318/943 979/1529/1065
f 978/1530/1064 623/953/717 626/956/720
f 978/1530/1064 8/12/11 623/953/717
f 978/1528/1064 979/1529/1065 9/701/12
f 978/1528/1064 626/959/720 852/1318/943
f 978/1531/1064 9/15/12 8/14/11
f 117/165/138 970/1513/1056 980/1532/1066
f 117/165/138 116/164/137 970/1513/1056
f 117/165/138 980/1532/1066 118/166/139
f 125/174/147 742/1137/834 468/710/549
f 125/174/147 128/177/150 742/1137/834
f 131/181/154 133/183/156 945/1470/1031
f 131/181/154 945/1470/1031 869/1349/961
f 137/187/160 1153/963/724 710/1093/690
f 483/729/565 424/630/498 149/633/174
f 483/729/565 981/1533/1067 892/730/566
f 483/729/565 149/633/174 981/1533/1067
f 483/729/565 704/732/568 424/630/498
f 427/635/500 1117/1534/1068 1152/636/501
f 427/637/500 866/1346/958 867/1347/959
f 427/637/500 155/209/180 866/1346/958
f 427/635/500 867/1535/959 1117/1534/1068
f 594/912/685 595/913/287 982/1536/1069
f 594/912/685 158/216/184 573/640/503
f 594/912/685 982/1536/1069 158/216/184
f 634/1537/732 887/1371/977 258/364/295
f 634/974/732 983/1538/620 535/1539/619
f 634/974/732 636/976/734 983/1538/620
f 634/974/732 258/359/295 255/358/294
f 634/1537/732 535/1540/619 887/1371/977
f 640/980/738 1120/1541/1070 835/1291/927
f 640/980/738 835/1291/927 641/981/739
f 640/980/738 642/982/740 517/1542/600
f 640/980/738 517/1542/600 1120/1541/1070
f 987/1543/1071 984/1544/1072 606/929/698
f 987/1543/1071 646/990/744 985/1545/1073
f 987/1543/1071 985/1545/1073 986/1546/1074
f 987/1543/1071 647/1547/745 646/990/744
f 987/1543/1071 986/1546/1074 984/1544/1072
f 987/1548/1071 606/1549/698 647/987/745
f 992/1550/1075 988/1551/1076 989/1552/812
f 992/1553/1075 989/1105/812 1143/1554/1077
f 992/1553/1075 1143/1554/1077 70/1555/86
f 992/1556/1075 990/1557/83 991/1558/1078
f 992/1550/1075 991/1559/1078 988/1551/1076
f 992/1560/1075 70/98/86 990/95/83
f 612/935/704 614/937/706 861/1336/952
f 612/935/704 357/1561/417 613/936/705
f 612/935/704 861/1336/952 993/1562/418
f 612/935/704 993/1562/418 357/1561/417
f 891/1378/979 994/1563/1079 995/1564/1080
f 891/1378/979 5/5/5 994/1563/1079
f 891/1378/979 705/1084/802 484/1379/567
f 891/1378/979 995/1564/1080 705/1084/802
f 486/737/571 1166/1386/982 245/738/282
f 227/323/264 228/326/265 896/1388/983
f 227/323/264 996/1565/1081 765/1172/857
f 227/323/264 896/1388/983 996/1565/1081
f 897/1389/984 1077/158/134 997/1566/1082
f 897/1389/984 997/1566/1082 1107/1567/1083
f 897/1389/984 1107/1567/1083 234/332/271
f 897/1389/984 234/332/271 231/329/268
f 998/370/302 958/1568/1046 959/371/303
f 998/1569/302 900/884/665 958/1493/1046
f 265/378/308 855/1330/946 266/379/309
f 265/378/308 29/42/36 855/1330/946
f 265/378/308 902/1396/989 29/42/36
f 502/766/317 921/1428/1010 503/767/585
f 275/395/322 999/1570/1084 276/396/323
f 275/1571/1085 1000/1572/1085 999/1573/1085
f 1002/1574/1086 968/1575/1086 1001/1576/1086
f 1002/1577/518 1001/1417/1002 443/673/519
f 412/612/486 1004/1578/1087 1003/1579/1088
f 412/612/486 1003/1579/1088 282/1407/336
f 412/612/486 282/1407/336 413/613/487
f 412/617/486 416/616/488 1004/1580/1087
f 57/82/70 1005/1581/1089 729/1117/821
f 57/82/70 60/85/73 1005/1581/1089
f 57/82/70 729/1117/821 725/1113/819
f 57/82/70 725/1113/819 58/83/71
f 64/1582/78 1051/1583/1090 1035/1584/1091
f 64/1582/78 1154/1585/80 1051/1583/1090
f 64/1582/78 1035/1584/1091 1006/1586/98
f 1007/1587/1092 929/312/256 237/335/274
f 1007/1587/1092 1085/1588/1093 220/313/257
f 1007/1587/1092 237/335/274 696/1070/794
f 1007/1587/1092 220/313/257 929/312/256
f 1007/1587/1092 71/99/87 1085/1588/1093
f 1007/1587/1092 696/1070/794 71/99/87
f 931/1441/1018 1008/1589/1094 75/104/92
f 931/1441/1018 933/1444/1021 1008/1589/1094
f 931/1441/1018 75/104/92 1041/1590/1095
f 931/1441/1018 1041/1590/1095 1156/1442/1019
f 947/1591/1033 1141/1592/1096 948/1593/1034
f 947/1591/1033 870/1352/962 869/1349/961
f 947/1591/1033 1009/1594/1097 1141/1592/1096
f 947/1474/1033 949/1476/1035 870/1351/962
f 947/1591/1033 869/1349/961 1009/1594/1097
f 230/328/267 87/122/106 928/1437/1016
f 1011/1485/1040 1010/1595/598 644/984/742
f 1011/1596/1040 277/400/325 1010/784/598
f 1011/1596/1040 905/1399/992 277/400/325
f 1011/1596/1040 318/460/371 905/1399/992
f 1012/1597/955 1013/1598/1098 1015/1053/790
f 1012/1339/955 1014/1599/1099 366/531/428
f 1012/1339/955 97/132/116 1013/1600/1098
f 1012/1339/955 1015/1601/790 1014/1599/1099
f 812/1602/901 817/1603/905 1138/1154/846
f 812/1602/901 1138/1154/846 371/540/437
f 812/1244/901 1016/1604/1100 813/1245/902
f 812/1602/901 371/540/437 1016/1605/1100
f 332/482/386 334/487/390 843/1606/935
f 332/482/386 843/1606/935 1149/1480/1038
f 785/1203/877 1017/1607/1101 1018/1608/913
f 785/1203/877 1018/1608/913 864/1344/956
f 785/1203/877 786/1204/878 1017/1607/1101
f 785/1203/877 864/1344/956 182/253/215
f 382/559/450 287/418/340 936/597/476
f 382/559/450 936/597/476 937/1450/1023
f 920/1430/1009 923/971/730 632/970/729
f 920/1430/1009 632/970/729 1019/1609/1102
f 920/1427/1009 1020/1610/1103 921/1428/1010
f 920/1430/1009 1019/1609/1102 1020/1611/1103
f 925/1434/1013 83/118/102 873/1355/965
f 925/1434/1013 906/1612/993 1021/1613/994
f 925/1434/1013 1021/1613/994 926/1435/1014
f 925/1434/1013 873/1355/965 906/1612/993
f 1022/1614/1104 1023/1615/1105 955/1490/1043
f 1022/1614/1104 621/947/656 1098/1616/1106
f 1022/1614/1104 955/1490/1043 874/1356/966
f 1022/1614/1104 874/1356/966 622/948/713
f 1022/1614/1104 1098/1616/1106 1023/1615/1105
f 1022/1614/1104 622/948/713 621/947/656
f 915/1418/1003 917/1420/1005 833/1284/923
f 915/1418/1003 833/1284/923 916/1419/1004
f 159/217/185 668/1020/768 160/218/186
f 159/217/185 405/601/475 668/1020/768
f 165/1369/194 164/1424/193 886/1370/976
f 170/236/201 888/1374/350 410/609/484
f 170/236/201 600/923/692 601/924/693
f 170/236/201 410/609/484 600/923/692
f 170/236/201 799/235/200 888/1374/350
f 170/236/201 601/924/693 171/237/202
f 1024/1617/1107 450/688/531 451/689/532
f 1024/1618/1107 451/1619/532 175/245/207
f 1024/1618/1107 716/1100/809 604/1620/696
f 1024/1617/1107 604/927/696 450/688/531
f 1024/1618/1107 175/245/207 716/1100/809
f 758/1164/852 304/443/360 759/1165/853
f 758/1164/852 761/1168/855 217/308/253
f 758/1164/852 608/931/700 304/443/360
f 758/1164/852 217/308/253 608/931/700
f 183/256/218 787/1205/879 189/260/221
f 183/256/218 788/1206/880 787/1205/879
f 183/256/218 889/1376/978 788/1206/880
f 1025/1621/1108 1026/1622/1109 361/525/422
f 1025/1621/1108 360/524/421 617/941/709
f 1025/1621/1108 361/525/422 360/524/421
f 1025/1621/1108 616/940/708 1027/1623/1110
f 1025/1621/1108 617/941/709 616/940/708
f 1025/1621/1108 1027/1623/1110 1026/1622/1109
f 1028/1624/1111 322/467/376 257/362/297
f 1028/1624/1111 750/1150/844 1122/1152/845
f 1028/1624/1111 257/362/297 258/364/295
f 1028/1624/1111 1029/1625/1112 322/467/376
f 1028/1624/1111 258/364/295 750/1150/844
f 1028/1624/1111 1122/1152/845 1029/1625/1112
f 560/862/650 1030/1626/1113 1031/1627/925
f 560/862/650 562/864/436 1030/1626/1113
f 560/862/650 1031/1627/925 834/1486/924
f 373/1628/440 1120/1541/1070 374/1629/441
f 373/1628/440 835/1291/927 1120/1541/1070
f 373/1628/440 836/1292/928 835/1291/927
f 373/543/440 756/1162/850 836/1294/928
f 914/1416/1001 1001/1417/1002 1032/1630/1114
f 914/1416/1001 990/1557/83 67/580/82
f 914/1416/1001 991/1558/1078 990/1557/83
f 914/1416/1001 1032/1630/1114 991/1558/1078
f 73/101/89 804/1229/892 805/1230/893
f 73/101/89 723/1111/817 403/595/474
f 73/101/89 403/595/474 74/102/90
f 73/101/89 1033/1631/1115 804/1229/892
f 73/101/89 77/106/94 1033/1631/1115
f 73/101/89 805/1230/893 723/1111/817
f 1034/1632/1116 1006/112/98 1035/1633/1091
f 1034/1632/1116 841/1298/932 80/113/99
f 1034/1632/1116 80/113/99 1006/112/98
f 1034/1632/1116 842/1299/933 841/1298/932
f 1034/1632/1116 1035/1633/1091 1036/1634/502
f 1034/1632/1116 1036/1634/502 842/1299/933
f 580/889/670 1037/1635/1117 232/330/269
f 580/889/670 581/890/671 1037/1635/1117
f 580/889/670 232/330/269 496/757/581
f 580/889/670 496/757/581 495/756/580
f 1038/1636/1118 3/3/3 1129/1637/1119
f 1038/1636/1118 539/822/624 380/1638/449
f 1038/1636/1118 537/823/625 539/822/624
f 1038/1636/1118 1039/1639/1120 3/3/3
f 1038/1636/1118 1129/1637/1119 537/823/625
f 1038/1636/1118 380/1638/449 1039/1639/1120
f 1042/1500/1049 1040/1640/91 1086/1641/1030
f 1042/1500/1049 1086/1641/1030 963/1501/153
f 1042/1500/1049 965/1503/1051 1041/1642/1095
f 1042/1643/1049 1041/1590/1095 1040/103/91
f 595/351/287 249/350/286 982/1644/1069
f 595/913/287 593/915/684 250/1064/288
f 1044/1645/1121 1043/1646/1062 962/1497/1048
f 1044/1647/1121 1045/1648/941 1134/1649/1122
f 1044/1650/1121 1134/1651/1122 1043/1523/1062
f 1044/1647/1121 1094/1652/1123 1045/1648/941
f 1044/1645/1121 962/1497/1048 1094/1653/1123
f 1046/1654/1124 911/1415/1000 212/301/248
f 1046/1654/1124 211/300/247 25/38/32
f 1046/1654/1124 25/38/32 23/35/29
f 1046/1654/1124 212/301/248 211/300/247
f 1046/1654/1124 23/35/29 911/1415/1000
f 28/41/35 414/45/39 527/1655/611
f 28/41/35 855/1330/946 29/42/36
f 28/1326/35 527/800/611 526/799/610
f 35/51/44 1047/1656/949 1048/1657/1125
f 35/51/44 38/54/43 1047/1656/949
f 35/51/44 1048/1657/1125 36/52/45
f 41/624/51 422/627/496 613/936/705
f 41/624/51 1136/1658/1126 1049/1659/52
f 41/624/51 613/936/705 1136/1658/1126
f 954/1489/1042 1023/1615/1105 791/1210/883
f 954/1489/1042 955/1490/1043 1023/1615/1105
f 954/1489/1042 790/1209/882 146/197/170
f 954/1489/1042 791/1210/883 790/1209/882
f 153/1660/178 151/639/177 1051/1583/1090
f 153/206/178 1050/1661/1127 154/207/179
f 153/206/178 1051/1662/1090 1066/1663/1128
f 153/206/178 1066/1663/1128 1050/1661/1127
f 431/646/506 777/1191/870 432/647/507
f 431/646/506 494/754/579 777/1191/870
f 1052/1664/1129 700/1078/798 699/1077/797
f 1052/1664/1129 1103/1665/1130 700/1078/798
f 1052/1664/1129 797/1221/886 800/1224/888
f 1052/1664/1129 800/1224/888 1103/1665/1130
f 1052/1664/1129 699/1077/797 388/565/456
f 1052/1664/1129 388/565/456 797/1221/886
f 802/1227/890 804/1229/892 1033/1631/1115
f 802/1227/890 1053/1666/1131 1054/1667/1132
f 802/1227/890 1033/1631/1115 1055/1668/1133
f 802/1227/890 1054/1667/1132 803/1228/891
f 802/1227/890 1055/1668/1133 1053/1666/1131
f 807/1233/894 619/944/711 458/943/537
f 852/1321/943 92/1320/111 1073/1669/1134
f 852/1321/943 1073/1669/1134 979/1670/1065
f 1056/1671/1135 747/1146/841 94/129/113
f 1056/1671/1135 1057/1672/1136 1058/1673/873
f 1056/1671/1135 1058/1673/873 554/853/646
f 1056/1671/1135 554/853/646 553/852/645
f 1056/1671/1135 553/852/645 747/1146/841
f 1056/1671/1135 94/129/113 1057/1672/1136
f 96/137/115 1013/1598/1098 97/1674/116
f 96/137/115 99/136/119 986/1546/1074
f 96/137/115 985/1545/1073 1013/1598/1098
f 96/137/115 986/1546/1074 985/1545/1073
f 815/1247/903 816/1248/904 1059/1675/1137
f 815/1247/903 1059/1675/1137 440/661/515
f 1060/1676/1138 1093/1677/1139 1095/1678/621
f 1060/1676/1138 983/1538/620 636/976/734
f 1060/1676/1138 1095/1678/621 983/1538/620
f 1060/1676/1138 636/976/734 638/978/736
f 1060/1676/1138 638/978/736 637/977/735
f 1060/1676/1138 637/977/735 1093/1677/1139
f 1061/1679/829 463/704/543 426/628/497
f 1061/1129/829 426/632/497 736/1130/830
f 1061/1679/829 740/705/544 463/704/543
f 824/1273/915 879/1361/971 932/1443/1020
f 824/1269/915 932/1680/1020 966/1505/1052
f 824/1269/915 966/1505/1052 825/1270/916
f 349/509/407 351/511/408 949/1476/1035
f 1062/518/415 1063/1423/1007 702/1080/800
f 1062/1681/415 1158/1682/1140 1063/1683/1007
f 1062/1681/415 993/1562/418 1064/1684/1141
f 1062/1681/415 1064/1684/1141 1158/1682/1140
f 1023/1615/1105 1065/1685/330 791/1210/883
f 1023/1615/1105 1098/1616/1106 1065/1685/330
f 793/1213/884 1154/1686/80 972/1517/1060
f 793/1687/884 201/280/235 1066/1663/1128
f 793/1213/884 1066/1688/1128 1154/1686/80
f 1068/1689/1142 1067/1690/1143 476/722/558
f 1068/1689/1142 476/722/558 1159/721/557
f 1068/1691/1142 1069/1692/1144 1067/1693/1143
f 1068/1689/1142 624/955/719 1069/1694/1144
f 1068/1689/1142 1159/721/557 624/955/719
f 1070/1695/723 1071/228/195 166/229/191
f 1070/962/723 1137/964/725 1071/1696/195
f 1070/962/723 166/1697/191 1153/963/724
f 888/428/350 799/1223/200 295/429/351
f 304/443/360 608/931/700 305/444/361
f 304/443/360 620/1375/712 759/1165/853
f 1072/1698/495 979/1670/1065 1073/1669/1134
f 1072/1698/495 312/59/50 979/1670/1065
f 1072/1699/495 1073/1700/1134 1074/1701/1026
f 1072/1698/495 42/63/54 312/59/50
f 1010/1595/598 642/982/740 644/984/742
f 1010/1595/598 517/1542/600 642/982/740
f 1013/1598/1098 985/1545/1073 690/1052/789
f 1013/1598/1098 690/1052/789 1015/1053/790
f 1075/1057/792 1091/1702/1145 252/1058/290
f 1075/1703/792 693/480/384 109/152/128
f 1075/1057/792 106/1704/125 1091/1702/1145
f 1075/1057/792 109/1705/128 106/1704/125
f 1076/1706/1146 1077/161/134 112/160/133
f 1076/1707/1146 997/1708/1082 1077/1709/134
f 1076/1706/1146 822/1262/911 1078/1710/1147
f 1076/1706/1146 112/160/133 822/1262/911
f 1076/1707/1146 1079/1711/1148 997/1708/1082
f 1076/1706/1146 1078/1710/1147 1079/1712/1148
f 463/704/543 875/1357/967 426/628/497
f 742/1137/834 878/1360/970 347/507/405
f 742/1137/834 127/176/149 878/1360/970
f 742/1137/834 744/1139/836 468/710/549
f 742/1137/834 128/177/150 127/176/149
f 1080/1713/837 745/1392/839 1081/1454/1024
f 1080/1714/837 1081/1715/1024 1020/1610/1103
f 1080/1140/837 1020/1611/1103 1019/1609/1102
f 1080/1140/837 1019/1609/1102 575/883/664
f 192/265/224 908/1403/996 194/266/225
f 1082/1716/334 203/279/234 202/1717/236
f 1082/1718/334 202/283/236 285/414/335
f 1082/1716/334 282/1407/336 203/279/234
f 1083/1719/241 1030/1626/1113 1084/1720/1149
f 1083/291/241 1084/1721/1149 206/292/242
f 1083/1719/241 1031/1627/925 1030/1626/1113
f 1083/295/241 56/81/69 1031/1288/925
f 911/1412/1000 712/1722/806 821/1255/909
f 911/1412/1000 821/1255/909 820/1254/908
f 911/1415/1000 23/35/29 712/1095/806
f 651/992/748 1085/1723/1093 1143/1554/1077
f 651/992/748 989/1105/812 652/993/749
f 651/992/748 220/314/257 1085/1723/1093
f 651/992/748 1143/1554/1077 989/1105/812
f 1008/1589/1094 933/1444/1021 1055/1668/1133
f 1008/1589/1094 1033/1631/1115 77/106/94
f 1008/1589/1094 77/106/94 75/104/92
f 1008/1589/1094 1055/1668/1133 1033/1631/1115
f 133/183/156 963/180/153 1086/1724/1030
f 1087/1725/1150 1088/1726/774 497/758/582
f 1087/1725/1150 233/331/270 234/332/271
f 1087/1725/1150 1107/1567/1083 1089/1727/775
f 1087/1725/1150 1089/1727/775 1088/1726/774
f 1087/1725/1150 497/758/582 233/331/270
f 1087/1725/1150 234/332/271 1107/1567/1083
f 1090/1728/1151 994/1563/1079 5/5/5
f 1090/1728/1151 5/5/5 6/6/6
f 1090/1728/1151 339/494/395 995/1564/1080
f 1090/1728/1151 342/497/398 339/494/395
f 1090/1728/1151 6/6/6 342/497/398
f 1090/1728/1151 995/1564/1080 994/1563/1079
f 730/1119/342 1165/1126/827 288/1216/343
f 730/420/342 289/422/344 731/1729/823
f 1091/1730/1145 251/353/289 252/354/290
f 1091/1730/1145 1092/1731/1152 251/353/289
f 1091/1732/1145 106/148/125 14/23/18
f 1091/1732/1145 14/23/18 1092/1733/1152
f 1093/1677/1139 1045/1314/941 1094/1734/1123
f 1093/1677/1139 635/975/733 1045/1314/941
f 1093/1735/1153 1094/1736/1153 1095/1737/1153
f 1093/1677/1139 637/977/735 635/975/733
f 779/1197/872 1057/1738/1136 853/1323/944
f 779/1197/872 1058/1196/873 1057/1738/1136
f 779/1194/872 472/715/554 475/714/553
f 779/1194/872 853/1324/944 472/715/554
f 36/52/45 970/1513/1056 37/53/46
f 36/52/45 1048/1657/1125 980/1532/1066
f 36/52/45 980/1532/1066 970/1513/1056
f 747/1146/841 553/852/645 618/942/710
f 98/133/117 407/603/479 100/134/118
f 816/1739/904 813/1245/902 720/1108/814
f 816/1248/904 719/1740/813 1059/1675/1137
f 816/1739/904 720/1108/814 719/1107/813
f 111/1341/131 213/1340/249 912/1413/132
f 737/167/140 739/1741/832 119/168/141
f 545/836/632 845/1306/937 1130/837/633
f 132/1274/155 870/1351/962 827/1275/918
f 830/1279/921 831/1280/922 872/1354/964
f 830/1279/921 1096/1742/1154 1097/1743/1155
f 830/1279/921 1097/1743/1155 377/549/444
f 830/1279/921 872/1354/964 1096/1742/1154
f 279/402/327 1065/405/330 1098/1744/1106
f 279/402/327 1098/1744/1106 568/875/657
f 279/402/327 1099/1745/1156 832/403/328
f 279/402/327 568/875/657 1099/1745/1156
f 1004/1580/1087 1100/1746/1157 154/212/179
f 1004/1578/1087 1050/1661/1127 1003/1579/1088
f 1004/1578/1087 154/207/179 1050/1661/1127
f 1004/1580/1087 416/616/488 1100/1746/1157
f 881/1364/187 1101/1747/188 1102/1748/1158
f 881/1364/187 1102/1748/1158 882/1365/973
f 365/1452/427 434/649/426 432/647/507
f 722/1110/816 1103/1749/1130 800/1225/888
f 722/1110/816 645/985/743 643/983/741
f 722/1110/816 800/1225/888 169/233/198
f 722/1110/816 643/983/741 1103/1749/1130
f 264/377/307 648/988/746 439/659/514
f 306/449/362 305/444/361 607/930/699
f 306/449/362 653/994/750 307/1750/363
f 654/996/752 788/1206/880 889/1376/978
f 654/996/752 889/1376/978 890/1377/897
f 654/996/752 890/1377/897 658/997/753
f 654/996/752 611/934/703 788/1206/880
f 3/3/3 892/1380/566 1129/1637/1119
f 3/3/3 1039/1639/1120 4/4/4
f 708/1089/804 1149/1480/1038 843/1606/935
f 708/1089/804 460/700/366 1149/1480/1038
f 1104/1751/938 473/717/555 476/722/558
f 1104/1309/938 1067/1693/1143 848/1310/939
f 1104/1309/938 476/1752/558 1067/1693/1143
f 1104/1751/938 1105/1753/940 473/717/555
f 1106/1754/1159 672/1024/772 1089/1027/775
f 1106/1754/1159 1045/1313/941 672/1024/772
f 1106/1754/1159 997/1708/1082 1079/1711/1148
f 1106/1754/1159 1107/1755/1083 997/1708/1082
f 1106/1754/1159 1079/1711/1148 1045/1313/941
f 1106/1754/1159 1089/1027/775 1107/1755/1083
f 712/1722/806 948/1756/1034 821/1255/909
f 30/43/37 32/46/40 678/1036/780
f 30/43/37 678/1036/780 31/44/38
f 857/1331/948 910/1410/998 271/389/316
f 857/1757/948 1047/1656/949 38/54/43
f 857/1758/948 38/49/43 904/1398/991
f 857/1758/948 904/1398/991 910/1408/998
f 829/1278/321 906/1612/993 831/1280/922
f 832/403/328 1099/1745/1156 44/1759/57
f 281/408/333 784/1202/876 282/411/336
f 281/408/333 917/1420/1005 784/1202/876
f 281/408/333 833/1284/923 917/1420/1005
f 1005/1581/1089 1110/1760/1160 729/1117/821
f 1005/1581/1089 60/85/73 1108/1761/1161
f 1005/1581/1089 513/781/596 1110/1760/1160
f 1005/1581/1089 1108/1761/1161 513/781/596
f 147/198/171 148/200/173 662/1006/759
f 1040/103/91 1041/1590/1095 75/104/92
f 1040/1762/91 76/1467/93 1086/1466/1030
f 700/1078/798 1103/1665/1130 1109/1763/509
f 700/1078/798 1109/1763/509 435/109/97
f 1063/1683/1007 1158/1682/1140 703/1764/801
f 975/851/644 618/942/710 553/852/645
f 1043/1646/1062 452/1765/528 962/1497/1048
f 1043/1523/1062 1134/1651/1122 977/1524/1063
f 1110/1766/1160 514/1237/595 808/1236/895
f 1110/1760/1160 726/1114/820 729/1117/821
f 1110/1760/1160 513/781/596 514/780/595
f 1110/1766/1160 808/1236/895 726/1527/820
f 1111/1767/1162 953/1768/1041 657/1000/755
f 1111/1769/1162 1112/1770/825 894/1488/981
f 1111/1769/1162 894/1488/981 953/1487/1041
f 1111/1767/1162 657/1000/755 658/1002/753
f 1111/1767/1162 658/1002/753 890/1240/897
f 1111/1767/1162 890/1240/897 809/1238/896
f 1111/1769/1162 809/1771/896 1112/1770/825
f 464/706/545 1150/950/715 622/948/713
f 464/706/545 466/708/547 1150/950/715
f 464/706/545 622/948/713 874/1356/966
f 958/1493/1046 430/645/504 429/644/505
f 958/1493/1046 900/884/665 430/645/504
f 479/725/561 1113/1772/1163 480/726/562
f 479/725/561 746/1145/840 1113/1772/1163
f 426/628/497 875/1357/967 144/195/168
f 426/632/497 425/631/499 736/1130/830
f 878/1360/970 826/1272/917 347/507/405
f 882/1365/973 1102/1748/1158 1114/1773/1164
f 882/1365/973 1114/1773/1164 883/1366/974
f 887/1774/977 599/921/691 290/423/345
f 887/1371/977 750/1150/844 258/364/295
f 887/1774/977 535/922/619 599/921/691
f 211/300/247 523/793/606 25/38/32
f 211/300/247 210/303/246 523/793/606
f 984/1544/1072 605/928/697 606/929/698
f 984/1544/1072 811/1242/899 605/928/697
f 984/1544/1072 986/1546/1074 811/1242/899
f 988/1551/1076 1059/1675/1137 719/1740/813
f 988/1551/1076 719/1740/813 989/1552/812
f 988/1551/1076 991/1559/1078 1115/1775/1165
f 988/1551/1076 1115/1775/1165 1059/1675/1137
f 655/1776/754 1116/1777/1166 860/1778/951
f 655/1776/754 659/1001/756 1116/1777/1166
f 399/585/467 789/1208/881 769/1212/861
f 399/585/467 398/584/469 789/1208/881
f 664/588/471 823/1178/863 665/1260/762
f 491/1779/576 1117/1780/1068 1161/1781/404
f 491/747/576 1161/1782/404 492/748/401
f 491/747/576 489/743/574 1117/1783/1068
f 777/1191/870 494/754/579 498/753/578
f 1118/1784/1167 503/767/585 921/1428/1010
f 1118/1785/1167 1081/1454/1024 48/1455/61
f 1118/1784/1167 1020/1610/1103 1081/1715/1024
f 1118/1785/1167 48/1455/61 1132/1786/1168
f 1118/1784/1167 921/1428/1010 1020/1610/1103
f 1118/1785/1167 1132/1786/1168 503/1787/585
f 940/1458/1025 803/1228/891 1054/1667/1132
f 940/1458/1025 1119/1788/988 941/1459/513
f 940/1458/1025 1054/1667/1132 1140/1789/1169
f 940/1458/1025 1140/1789/1169 1119/1788/988
f 1030/1626/1113 562/864/436 370/1790/435
f 1030/1626/1113 370/1790/435 1084/1720/1149
f 1120/1791/1070 516/785/599 374/1792/441
f 1120/1791/1070 517/786/600 516/785/599
f 1057/1738/1136 93/1322/112 853/1323/944
f 1057/1672/1136 94/129/113 93/128/112
f 1121/1793/997 322/467/376 1029/1625/1112
f 1121/1793/997 1029/1625/1112 1122/1152/845
f 1121/1405/997 325/472/377 322/471/376
f 1121/1405/997 1122/1794/845 525/1406/609
f 1121/1405/997 783/1201/875 325/472/377
f 910/1410/998 1123/1795/1170 271/389/316
f 910/1410/998 754/1158/848 1123/1795/1170
f 819/1263/907 822/1262/911 112/160/133
f 819/1796/907 112/157/133 912/156/132
f 847/902/679 773/1184/868 590/903/680
f 847/902/679 937/1450/1023 773/1184/868
f 296/430/352 798/1222/887 934/1445/1022
f 296/430/352 295/429/351 798/1222/887
f 860/1778/951 1116/1777/1166 552/848/641
f 860/1335/951 1124/1797/640 1064/1684/1141
f 860/1778/951 552/848/641 1124/847/640
f 860/1335/951 1064/1684/1141 861/1336/952
f 151/639/177 1035/1584/1091 1051/1583/1090
f 151/639/177 1036/638/502 1035/1584/1091
f 596/1090/682 575/883/664 1019/1609/1102
f 596/1090/682 1019/1609/1102 632/970/729
f 139/189/162 1125/1798/1171 140/190/163
f 139/189/162 946/1473/1032 1125/1798/1171
f 1103/1749/1130 643/983/741 1109/653/509
f 439/659/514 300/435/356 301/438/357
f 439/659/514 648/988/746 300/435/356
f 308/447/364 561/863/651 309/448/365
f 308/447/364 950/1478/1036 561/863/651
f 566/867/653 1116/1777/1166 659/1001/756
f 566/867/653 336/486/389 1116/1777/1166
f 566/867/653 1126/1799/391 336/486/389
f 566/867/653 659/1001/756 565/868/654
f 810/1241/898 600/923/692 26/39/33
f 810/1241/898 319/464/372 316/457/369
f 810/1241/898 316/457/369 600/923/692
f 810/1241/898 26/39/33 519/789/603
f 58/83/71 728/1116/540 59/84/72
f 821/1255/909 948/1756/1034 1142/1256/910
f 621/874/656 568/875/657 1098/1744/1106
f 570/877/659 1053/1666/1131 470/712/551
f 570/877/659 509/775/592 1053/1666/1131
f 570/877/659 744/1139/836 571/878/660
f 570/877/659 470/712/551 744/1139/836
f 623/953/717 8/12/11 590/905/680
f 623/953/717 590/905/680 774/954/718
f 141/191/164 140/190/163 1096/1742/1154
f 141/191/164 1096/1742/1154 481/727/563
f 141/191/164 480/726/562 142/192/165
f 1026/1622/1109 1127/1800/1172 685/1045/785
f 1026/1622/1109 186/259/220 361/525/422
f 1026/1622/1109 1027/1623/1110 1127/1800/1172
f 1026/1622/1109 685/1045/785 186/259/220
f 1014/1599/1099 1015/1601/790 691/532/429
f 1014/1599/1099 691/532/429 366/531/428
f 1123/1795/1170 971/1516/1059 922/1431/1011
f 1123/1795/1170 272/391/318 271/389/316
f 1123/1795/1170 922/1431/1011 272/391/318
f 1123/1795/1170 754/1158/848 971/1516/1059
f 755/1160/849 376/546/442 1125/1798/1171
f 755/1160/849 1125/1798/1171 946/1473/1032
f 755/1801/849 946/1802/1032 1128/1803/1173
f 755/1160/849 1128/1804/1173 756/1161/850
f 760/1166/854 759/1165/853 181/252/214
f 760/1166/854 181/252/214 180/251/213
f 243/343/279 764/1171/795 698/344/280
f 387/564/455 228/325/265 225/321/263
f 927/1436/1015 390/573/462 21/32/26
f 927/1436/1015 926/1435/1014 390/573/462
f 239/338/276 537/824/625 1129/1805/1119
f 239/338/276 981/1533/1067 240/339/172
f 239/338/276 1129/1805/1119 981/1533/1067
f 846/1307/936 334/740/390 697/1806/796
f 846/1305/936 1130/837/633 845/1306/937
f 846/1307/936 843/1302/935 334/740/390
f 846/1307/936 697/1806/796 1130/1807/633
f 775/1188/867 883/1366/974 1069/1692/1144
f 775/1188/867 1069/1692/1144 624/1808/719
f 775/1188/867 772/1187/866 883/1366/974
f 1131/1809/1174 503/1810/1174 1132/1811/1174
f 1131/768/586 1099/1745/1156 568/875/657
f 1131/768/586 1132/1812/1168 1099/1745/1156
f 1100/1813/1157 677/1033/779 957/1492/1045
f 1100/1746/1157 156/213/181 154/212/179
f 1100/1813/1157 957/1492/1045 156/210/181
f 1100/1746/1157 416/616/488 677/1814/779
f 417/618/489 1017/1607/1101 418/619/490
f 417/618/489 739/1741/832 1133/1815/914
f 417/618/489 119/168/141 739/1741/832
f 417/618/489 1133/1815/914 1017/1607/1101
f 787/1205/879 942/1461/1027 189/260/221
f 787/1205/879 421/623/494 942/1461/1027
f 283/415/337 1095/818/621 1094/1653/1123
f 283/415/337 1094/1653/1123 962/1497/1048
f 207/293/243 513/781/596 1108/1761/1161
f 207/293/243 1108/1761/1161 56/81/69
f 929/1439/256 536/820/623 237/340/274
f 543/838/630 763/1170/856 839/1296/930
f 543/838/630 764/1171/795 763/1170/856
f 701/1816/799 841/1298/932 840/1297/931
f 701/1079/799 840/1817/931 386/563/454
f 701/1816/799 80/113/99 841/1298/932
f 928/1437/1016 87/122/106 84/119/103
f 249/350/286 848/1310/939 1102/1748/1158
f 249/350/286 1102/1748/1158 982/1644/1069
f 1045/1313/941 1079/1711/1148 1134/1818/1122
f 523/793/606 519/789/603 25/38/32
f 526/799/610 529/802/613 856/1328/947
f 1047/1656/949 858/1819/714 1135/1820/1175
f 1047/1656/949 1135/1820/1175 1048/1657/1125
f 1136/1821/1126 357/520/417 974/519/416
f 1136/1822/1126 974/1520/416 952/1484/1039
f 1136/1658/1126 613/936/705 357/1561/417
f 1136/1822/1126 952/1484/1039 1049/61/52
f 792/1211/329 791/1210/883 1065/1685/330
f 203/279/234 1003/1579/1088 201/280/235
f 203/279/234 282/1407/336 1003/1579/1088
f 1071/228/195 1137/1823/725 433/648/508
f 797/1221/886 934/1445/1022 798/1222/887
f 797/1221/886 388/565/456 934/1445/1022
f 561/1824/651 1016/1605/1100 562/539/436
f 561/863/651 950/1478/1036 1016/1604/1100
f 953/1768/1041 565/868/654 657/1000/755
f 1058/1673/873 782/677/523 554/853/646
f 99/136/119 811/1242/899 986/1546/1074
f 817/1249/905 107/149/126 330/479/383
f 817/1249/905 108/150/127 107/149/126
f 817/1249/905 330/479/383 1138/1825/846
f 738/1266/831 1133/1268/914 739/1826/832
f 738/1133/831 736/1130/830 587/1827/676
f 825/1270/916 996/1828/1081 895/968/728
f 825/1270/916 964/1504/1050 996/1828/1081
f 825/1270/916 966/1505/1052 964/1504/1050
f 351/511/408 827/1275/918 949/1476/1035
f 351/511/408 353/514/411 827/1275/918
f 831/1280/922 906/1612/993 873/1355/965
f 831/1280/922 873/1355/965 872/1354/964
f 733/1122/824 894/1382/981 1112/1123/825
f 475/719/553 474/718/556 1139/1829/1176
f 475/714/553 1139/1830/1176 780/1198/874
f 1119/1395/988 676/1031/778 902/1396/989
f 1119/1395/988 1140/1831/1169 676/1031/778
f 903/1832/990 1084/1720/1149 370/1790/435
f 903/1397/990 39/56/47 1084/1721/1149
f 903/1397/990 370/538/435 369/537/434
f 999/1570/1084 516/785/599 276/396/323
f 999/1570/1084 1000/1833/443 374/1792/441
f 999/1570/1084 374/1792/441 516/785/599
f 413/613/487 527/803/611 414/614/39
f 60/85/73 56/81/69 1108/1761/1161
f 1142/1258/910 1141/1834/1096 666/1013/763
f 1142/1258/910 666/1013/763 665/1012/762
f 1142/1835/910 948/1593/1034 1141/1592/1096
f 1085/1588/1093 71/99/87 70/98/86
f 1085/1588/1093 70/98/86 1143/1836/1077
f 469/711/550 221/316/258 124/173/146
f 469/711/550 933/1444/1021 221/316/258
f 469/711/550 470/712/551 933/1444/1021
f 1141/1592/1096 1009/1594/1097 666/1837/763
f 85/120/104 232/330/269 86/121/105
f 90/125/109 1145/1838/1177 91/126/110
f 90/125/109 362/526/423 1145/1838/1177
f 105/20/16 14/23/18 106/148/125
f 1017/1607/1101 786/1204/878 418/619/490
f 1017/1607/1101 1133/1815/914 1018/1608/913
f 743/1138/835 571/878/660 744/1139/836
f 743/1138/835 345/503/403 346/502/402
f 473/717/555 1144/1839/1178 474/718/556
f 473/717/555 1105/1753/940 1144/1839/1178
f 578/887/668 629/965/726 480/726/562
f 578/887/668 1113/1772/1163 581/890/671
f 578/887/668 480/726/562 1113/1772/1163
f 955/1490/1043 876/1358/968 874/1356/966
f 1050/1661/1127 201/280/235 1003/1579/1088
f 1050/1661/1127 1066/1663/1128 201/280/235
f 883/1366/974 1114/1773/1164 1069/1692/1144
f 290/423/345 599/921/691 291/424/346
f 600/923/692 410/609/484 26/39/33
f 176/593/208 451/689/532 449/687/530
f 176/246/208 175/245/207 451/1619/532
f 1145/1838/1177 362/526/423 189/263/221
f 1145/1838/1177 1074/1701/1026 91/126/110
f 1145/1840/1177 189/260/221 942/1461/1027
f 1145/1840/1177 942/1461/1027 1074/1460/1026
f 135/185/158 765/1172/857 964/1502/1050
f 1088/1726/774 671/1841/771 1157/759/583
f 1088/1726/774 1157/759/583 497/758/582
f 968/1509/1054 441/662/516 1032/1842/1114
f 968/1509/1054 11/18/15 441/662/516
f 968/1843/1054 1032/1630/1114 1001/1417/1002
f 507/773/590 506/772/589 957/1492/1045
f 507/773/590 957/1492/1045 677/1033/779
f 317/459/370 905/1399/992 318/460/371
f 317/459/370 683/1042/783 905/1399/992
f 686/1047/300 1127/1800/1172 1146/1844/1058
f 686/1047/300 685/1045/785 1127/1800/1172
f 856/1328/947 528/801/612 751/1050/788
f 856/1328/947 529/802/613 528/801/612
f 200/282/233 534/817/618 202/283/236
f 200/1069/233 535/814/619 534/813/618
f 340/495/396 342/497/398 1147/1845/1179
f 340/495/396 1147/1845/1179 1148/1846/447
f 698/1847/280 697/1806/796 244/739/281
f 225/321/263 934/1445/1022 388/565/456
f 554/853/646 782/677/523 444/676/522
f 813/1245/902 1016/1604/1100 950/1478/1036
f 813/1245/902 950/1478/1036 720/1108/814
f 1149/1848/1038 460/453/366 313/454/53
f 858/1819/714 1150/1849/715 1135/1820/1175
f 1053/1666/1131 509/775/592 1054/1667/1132
f 1053/1666/1131 1055/1668/1133 470/712/551
f 424/630/498 1151/1850/677 425/631/499
f 424/630/498 704/732/568 1151/1850/677
f 1117/1780/1068 867/1851/959 1161/1781/404
f 1117/1783/1068 489/743/574 1152/1852/501
f 158/216/184 982/1536/1069 1101/220/188
f 646/990/744 690/1052/789 985/1545/1073
f 646/990/744 267/382/310 690/1052/789
f 749/1148/843 886/1370/976 164/1424/193
f 682/1041/782 390/1853/462 926/1854/1014
f 682/1041/782 1021/1401/994 683/1042/783
f 682/1041/782 926/1854/1014 1021/1401/994
f 682/1041/782 522/792/605 391/577/464
f 682/1041/782 391/577/464 390/1853/462
f 287/418/340 246/347/283 289/422/344
f 441/663/516 440/661/515 1115/1775/1165
f 441/663/516 1115/1775/1165 1032/1855/1114
f 333/485/388 552/848/641 336/486/389
f 74/102/90 935/1447/765 76/105/93
f 24/36/30 411/610/409 350/37/31
f 31/44/38 678/1036/780 416/616/488
f 1151/1850/677 587/1827/676 425/631/499
f 666/1837/763 1009/1594/1097 944/1469/764
f 1067/1693/1143 1069/1692/1144 1114/1773/1164
f 1067/1693/1143 1114/1773/1164 848/1310/939
f 710/920/690 291/424/346 599/921/691
f 710/920/690 1153/1856/724 291/424/346
f 1109/653/509 643/983/741 436/654/510
f 300/435/356 648/988/746 715/1099/808
f 1059/1675/1137 1115/1775/1165 440/661/515
f 443/673/519 396/582/468 445/674/521
f 916/1419/1004 833/1284/923 447/682/526
f 1112/1770/825 809/1771/896 734/1857/826
f 875/1357/967 876/1358/968 144/195/168
f 705/1084/802 704/1083/568 484/1379/567
f 705/1084/802 995/1564/1080 706/1085/803
f 1051/1662/1090 1154/1858/80 1066/1663/1128
f 1037/1635/1117 581/890/671 746/1145/840
f 1037/1635/1117 86/121/105 232/330/269
f 1037/1635/1117 746/1145/840 86/121/105
f 648/988/746 647/987/745 715/1099/808
f 1116/1777/1166 336/486/389 552/848/641
f 740/705/544 118/1859/139 465/707/546
f 879/1361/971 221/316/258 932/1443/1020
f 879/1361/971 122/171/144 221/316/258
f 474/718/556 1144/1839/1178 1139/1829/1176
f 481/727/563 1096/1742/1154 872/1354/964
f 1127/1800/1172 907/1402/995 1146/1844/1058
f 1127/1800/1172 1027/1623/1110 907/1402/995
f 1138/1825/846 330/479/383 752/1157/847
f 695/1066/793 1128/1803/1173 946/1802/1032
f 695/1066/793 972/1517/1060 1128/1803/1173
f 763/1170/856 546/839/634 839/1296/930
f 773/1184/868 774/1185/718 590/903/680
f 408/1190/480 850/1025/773 1155/1860/481
f 25/38/32 519/789/603 26/39/33
f 444/1861/522 445/674/521 555/856/647
f 1150/950/715 466/708/547 1135/1862/1175
f 581/890/671 1113/1772/1163 746/1145/840
f 587/1827/676 736/1130/830 425/631/499
f 965/1503/1051 932/1680/1020 1156/1863/1019
f 965/1503/1051 1156/1863/1019 1041/1642/1095
f 965/1503/1051 966/1505/1052 932/1680/1020
f 534/817/618 285/414/335 202/283/236
f 716/1100/809 715/1099/808 604/1620/696
f 607/930/699 305/444/361 608/931/700
f 657/1000/755 565/868/654 659/1001/756
f 334/740/390 244/739/281 697/1806/796
f 996/1565/1081 964/1502/1050 765/1172/857
f 996/1565/1081 896/1388/983 895/1387/728
f 498/753/578 1157/1864/583 671/1023/771
f 509/775/592 508/774/591 1140/1789/1169
f 509/775/592 1140/1789/1169 1054/1667/1132
f 92/127/111 91/126/110 1073/1700/1134
f 530/806/615 923/1432/730 922/1431/1011
f 530/806/615 922/1431/1011 971/1516/1059
f 548/842/636 353/514/411 352/513/410
f 1158/1682/1140 1124/1797/640 551/1865/639
f 1158/1866/1140 551/1082/639 703/1081/801
f 1158/1682/1140 1064/1684/1141 1124/1797/640
f 100/140/118 1155/1315/481 101/141/121
f 870/1351/962 949/1476/1035 827/1275/918
f 140/190/163 1097/1743/1155 1096/1742/1154
f 140/190/163 1125/1798/1171 1097/1743/1155
f 1101/1747/188 982/1644/1069 1102/1748/1158
f 799/1223/200 798/1222/887 295/429/351
f 187/261/222 186/259/220 685/1045/785
f 4/4/4 1039/1639/1120 1147/1845/1179
f 4/4/4 1147/1845/1179 6/6/6
f 251/353/289 1092/1731/1152 1105/1311/940
f 472/715/554 853/1324/944 627/958/721
f 472/715/554 627/958/721 1159/1867/557
f 676/1031/778 32/46/40 902/1396/989
f 676/1034/778 1140/1789/1169 508/774/591
f 47/70/60 899/1456/986 1146/1515/1058
f 47/71/60 1146/1844/1058 907/1402/995
f 53/78/66 52/77/65 326/475/378
f 53/78/66 326/475/378 325/472/377
f 53/78/66 325/472/377 783/1201/875
f 834/1286/924 59/1289/72 456/694/535
f 1160/1868/1180 1154/92/80 65/91/79
f 1160/1868/1180 836/1294/928 756/1162/850
f 1160/1869/1180 756/1161/850 1128/1804/1173
f 1160/1868/1180 65/91/79 836/1294/928
f 1160/1870/1180 1128/1803/1173 972/1517/1060
f 1160/1870/1180 972/1517/1060 1154/1686/80
f 166/223/191 291/424/346 1153/1856/724
f 673/1028/483 352/513/410 411/512/409
f 822/1262/911 1167/1265/912 1078/1710/1147
f 341/966/397 864/1343/956 584/893/673
f 346/502/402 1161/1871/404 867/1347/959
f 194/266/225 908/1403/996 616/940/708
f 206/292/242 1084/1721/1149 1162/1872/1057
f 206/292/242 1162/1872/1057 679/1037/491
f 232/330/269 233/331/270 496/757/581
f 981/1533/1067 149/633/174 240/339/172
f 981/1533/1067 1129/1805/1119 892/730/566
f 262/374/304 734/1857/826 809/1771/896
f 262/374/304 959/371/303 734/1857/826
f 1163/1873/1181 977/1524/1063 1078/1710/1147
f 1163/1873/1181 1078/1710/1147 1167/1265/912
f 1163/1873/1181 1164/1874/862 977/1524/1063
f 1163/1873/1181 1167/1265/912 1164/1874/862
f 37/53/46 1162/1514/1057 39/55/47
f 971/1516/1059 754/1158/848 752/1157/847
f 734/1857/826 959/371/303 1165/1875/827
f 1048/1657/1125 466/1876/547 465/1877/546
f 1048/1657/1125 1135/1820/1175 466/1876/547
f 1048/1657/1125 465/1877/546 980/1532/1066
f 629/965/726 142/192/165 480/726/562
f 848/1310/939 1114/1773/1164 1102/1748/1158
f 861/1336/952 1064/1684/1141 993/1562/418
f 376/546/442 1097/1743/1155 1125/1798/1171
f 376/546/442 377/549/444 1097/1743/1155
f 68/96/84 71/99/87 696/1070/794
f 68/96/84 696/1070/794 662/1006/759
f 677/1814/779 416/616/488 678/1036/780
f 1074/1701/1026 1073/1700/1134 91/126/110
f 339/494/395 706/1085/803 995/1564/1080
f 1152/1852/501 842/1299/933 1036/1634/502
f 1152/1852/501 489/743/574 842/1299/933
f 562/539/436 1016/1605/1100 371/540/437
f 456/694/535 59/1289/72 728/699/540
f 616/940/708 908/1403/996 1027/1623/1110
f 1084/1721/1149 39/56/47 1162/1872/1057
f 933/1444/1021 470/712/551 1055/1668/1133
f 1009/1594/1097 869/1349/961 945/1470/1031
f 1009/1594/1097 945/1470/1031 944/1469/764
f 233/331/270 497/758/582 496/757/581
f 342/497/398 6/6/6 1147/1845/1179
f 731/1729/823 289/422/344 1166/1878/982
f 1134/1651/1122 1079/1712/1148 1078/1710/1147
f 1134/1651/1122 1078/1710/1147 977/1524/1063
f 979/1529/1065 312/452/50 9/701/12
f 584/893/673 864/1343/956 1018/1267/913
f 1144/1839/1178 1092/1733/1152 13/22/17
f 1144/1839/1178 13/22/17 1139/1829/1176
f 1144/1839/1178 1105/1753/940 1092/1733/1152
f 29/42/36 902/1396/989 32/46/40
f 48/1455/61 44/1879/57 1132/1786/1168
f 784/1202/876 783/1201/875 282/411/336
f 759/1165/853 620/1375/712 181/252/214
f 604/1620/696 715/1099/808 606/1549/698
f 245/346/282 1166/1878/982 246/347/283
f 1092/1733/1152 14/23/18 13/22/17
f 1099/1880/1156 1132/1786/1168 44/1879/57
f 118/166/139 980/1532/1066 465/1877/546
f 1139/1829/1176 13/22/17 15/25/19
f 1139/1881/1176 15/1510/19 780/1511/874
f 908/1403/996 907/1402/995 1027/1623/1110
f 991/1559/1078 1032/1855/1114 1115/1775/1165
f 1039/1639/1120 380/1638/449 1148/1846/447
f 1039/1639/1120 1148/1846/447 1147/1845/1179
f 715/1099/808 647/987/745 606/1549/698
f 468/710/549 744/1139/836 470/712/551
f 823/1178/863 1164/1177/862 1167/1882/912
f 289/422/344 246/347/283 1166/1878/982
